369b1258-c0eb-4cbd-a056-ac9dd89ead56,1d734b19-bdf8-45b2-93e9-b5321f5c7940,189.114.110.120,1686265368,1686268008
cc18fe1e-4e26-417a-a5ca-e8c5f491bf44,b6273b76-69c8-4f1f-bdbe-82de27008cb3,206.52.78.177,1665063217,1665068617
94fd4a5b-f036-4c73-af28-ae492ad25c7c,1d734b19-bdf8-45b2-93e9-b5321f5c7940,176.202.163.219,1665528231,1665534591
36e8c771-e24f-4c4c-b524-c4be1904345c,3e1ee272-3228-4cf0-9d74-663527cef0ac,171.179.33.132,1675937399,1675938899
67cd94d2-a418-4a55-8f30-8b078d5a4e55,1d734b19-bdf8-45b2-93e9-b5321f5c7940,3.47.163.182,1676332166,1676337806
f9187324-6b42-4f44-a836-c545a4e3e8ce,3e1ee272-3228-4cf0-9d74-663527cef0ac,69.126.172.40,1663293286,1663295866
63113ac3-65c1-4048-b79e-87403f2703a6,3e1ee272-3228-4cf0-9d74-663527cef0ac,107.49.190.227,1665394995,1665401955
189d28cd-40bc-40d9-98d6-cce35a35fd89,b6273b76-69c8-4f1f-bdbe-82de27008cb3,63.186.242.172,1671665380,1671669700
80916d12-96bb-4ff8-9323-cefd18c067cd,1d734b19-bdf8-45b2-93e9-b5321f5c7940,217.198.83.28,1665495575,1665496595
3ec5b02c-2070-4742-8748-4a671712173c,1d734b19-bdf8-45b2-93e9-b5321f5c7940,3.135.33.151,1678439189,1678442669
b8f863f9-2c8d-488f-8f11-8331bdad0922,3e1ee272-3228-4cf0-9d74-663527cef0ac,215.233.133.159,1685064093,1685071353
dc3e4684-579f-45c8-a138-aeefcd9735b4,1d734b19-bdf8-45b2-93e9-b5321f5c7940,204.203.77.77,1685048961,1685055321
b7f3f783-1c04-44d8-8d34-b4c0119e712a,1d734b19-bdf8-45b2-93e9-b5321f5c7940,2.120.22.89,1657847331,1657853031
cc4bf329-02a6-4d88-92ca-727ce14eeae7,b6273b76-69c8-4f1f-bdbe-82de27008cb3,25.180.119.156,1663958073,1663964193
10749f31-85c9-41fe-9e32-76881cc49f4e,b6273b76-69c8-4f1f-bdbe-82de27008cb3,170.154.11.213,1683713047,1683714067
d9642cde-a352-4684-a4bd-cb9939206220,1d734b19-bdf8-45b2-93e9-b5321f5c7940,183.108.252.236,1680977574,1680978474
dba74926-51af-42ac-ab48-cb3c8c03cf5b,3e1ee272-3228-4cf0-9d74-663527cef0ac,165.7.1.35,1666440977,1666449497
e01f2a8b-bec1-433d-a18c-b821a1143251,b6273b76-69c8-4f1f-bdbe-82de27008cb3,54.145.144.126,1672303317,1672306677
32bd6fa9-9ed4-4ac1-8174-23ec67777a8f,3e1ee272-3228-4cf0-9d74-663527cef0ac,195.223.220.89,1685650773,1685658033
997e1a18-38e8-40ef-a772-7f2b19bca615,b6273b76-69c8-4f1f-bdbe-82de27008cb3,42.186.169.166,1660460380,1660468600
e57bb255-80a7-4265-9f08-5ae8d7317a88,3e1ee272-3228-4cf0-9d74-663527cef0ac,52.9.211.110,1670885952,1670887452
dd57f719-0ba0-44ff-a900-029814345dc7,1d734b19-bdf8-45b2-93e9-b5321f5c7940,203.186.191.182,1684953573,1684954593
8363cfba-e8b0-4173-abff-6b2523e8692a,3e1ee272-3228-4cf0-9d74-663527cef0ac,249.54.98.189,1682924498,1682926478
e680733d-fd0f-4d4f-825b-2f3e983df684,3e1ee272-3228-4cf0-9d74-663527cef0ac,208.161.255.74,1682412566,1682418386
00cd0c0e-5061-4f77-b254-1f6ea8733acd,1d734b19-bdf8-45b2-93e9-b5321f5c7940,188.103.192.0,1657952678,1657962458
32eadf1f-7e38-4421-a2a2-8d3fb54ac26e,b6273b76-69c8-4f1f-bdbe-82de27008cb3,150.49.37.154,1671360644,1671368684
cfdaec04-9136-4ae5-b213-849b0dc9a994,b6273b76-69c8-4f1f-bdbe-82de27008cb3,170.59.212.245,1674956013,1674959673
70524085-6090-4268-904b-c95c24079ffb,1d734b19-bdf8-45b2-93e9-b5321f5c7940,18.104.104.84,1679089028,1679098268
6a09b2d8-1038-40e9-aaf4-85f14633eb38,1d734b19-bdf8-45b2-93e9-b5321f5c7940,190.62.210.101,1668447084,1668449604
9741ca27-7987-4678-90e0-b4f25449d729,b6273b76-69c8-4f1f-bdbe-82de27008cb3,197.49.6.52,1674755136,1674758016
63b404de-1379-4060-8ae5-fe3997bb0886,3e1ee272-3228-4cf0-9d74-663527cef0ac,9.162.50.157,1674828346,1674833026
3a454caa-7b1a-4835-a185-8b2caf367b84,3e1ee272-3228-4cf0-9d74-663527cef0ac,208.231.6.227,1674075073,1674085753
72a56ba4-c1a6-431e-a6cc-063322eebc1e,1d734b19-bdf8-45b2-93e9-b5321f5c7940,31.77.114.165,1672932485,1672937165
9b0a5ef7-22db-4dbd-99e2-a41158d37c5d,1d734b19-bdf8-45b2-93e9-b5321f5c7940,38.92.140.157,1685951781,1685955021
7b476ce4-a158-4971-8e74-0866543a0879,3e1ee272-3228-4cf0-9d74-663527cef0ac,153.91.54.171,1657924056,1657931196
38e6fe00-e9cc-4bf3-882c-c9d40cf73649,3e1ee272-3228-4cf0-9d74-663527cef0ac,144.36.93.17,1667808817,1667815957
daa2bd3e-9dcf-46ca-af22-f89cb33aa20f,1d734b19-bdf8-45b2-93e9-b5321f5c7940,51.47.80.103,1681390308,1681391988
830b580d-4091-4f9b-866d-6acaaae1b49a,1d734b19-bdf8-45b2-93e9-b5321f5c7940,188.9.100.165,1666649242,1666656922
5678e070-ee5b-4a3a-b081-5ff76e34cdd1,1d734b19-bdf8-45b2-93e9-b5321f5c7940,68.23.155.57,1676296843,1676302183
1338d8cb-a262-45ea-929c-01ef969f19aa,b6273b76-69c8-4f1f-bdbe-82de27008cb3,220.238.74.77,1682799126,1682803146
c45c80e0-9b4e-4d8d-ba93-f7bf159811ef,b6273b76-69c8-4f1f-bdbe-82de27008cb3,104.157.104.245,1679163501,1679166981
5dc87e91-b3b6-411a-917d-f12778eafed5,b6273b76-69c8-4f1f-bdbe-82de27008cb3,83.196.21.24,1665602877,1665608157
f7e3841f-5e2a-47e3-b81f-ebfbe5ed6af0,1d734b19-bdf8-45b2-93e9-b5321f5c7940,172.143.151.111,1675440535,1675445815
d261e25d-beca-4894-a408-e24a3ad49b19,1d734b19-bdf8-45b2-93e9-b5321f5c7940,12.112.34.183,1670837115,1670843235
b2fd7581-1fda-4647-9e7c-cbe8ede5529a,3e1ee272-3228-4cf0-9d74-663527cef0ac,78.169.86.25,1667183929,1667193829
d48df027-39b7-4089-813c-031523b13fcb,b6273b76-69c8-4f1f-bdbe-82de27008cb3,99.250.239.233,1667980529,1667982269
d185cd5b-adfd-4294-b5b2-04e9f0eeda1b,3e1ee272-3228-4cf0-9d74-663527cef0ac,152.168.56.67,1685071464,1685074764
9711f6fa-7397-4da6-b1a7-6e153e341fd1,1d734b19-bdf8-45b2-93e9-b5321f5c7940,197.254.201.79,1675334665,1675343065
8096ab60-a6c1-4b4f-a8f3-4f7f2139037b,1d734b19-bdf8-45b2-93e9-b5321f5c7940,211.111.157.142,1686518065,1686521485
e8ecdaeb-3c1f-4755-bb59-da321f58ccba,3e1ee272-3228-4cf0-9d74-663527cef0ac,133.206.101.223,1657990672,1657993072
cb6befef-1821-4677-9fbd-4b40f0a43e9d,b6273b76-69c8-4f1f-bdbe-82de27008cb3,240.21.158.81,1670149300,1670150440
28da6461-89ee-420c-8e64-d25e7bf9cdb7,3e1ee272-3228-4cf0-9d74-663527cef0ac,12.169.11.168,1682758455,1682761395
14d910b6-78d7-4df7-87d0-c103cc1b7cb4,1d734b19-bdf8-45b2-93e9-b5321f5c7940,141.250.191.205,1655814463,1655821243
6b812000-8cd1-468c-8fbe-8364962b8408,b6273b76-69c8-4f1f-bdbe-82de27008cb3,113.181.95.111,1671615793,1671620233
240359fa-69d0-42f9-bb2b-8dd14ca1266f,1d734b19-bdf8-45b2-93e9-b5321f5c7940,68.157.186.208,1678538756,1678545656
c30a12e0-e035-40e5-a1a2-b864717daf3a,b6273b76-69c8-4f1f-bdbe-82de27008cb3,177.8.218.251,1663957071,1663963371
4a2cce69-788e-4425-9210-71984a7390b4,3e1ee272-3228-4cf0-9d74-663527cef0ac,31.251.51.229,1665301178,1665304418
fb052a4f-0240-4b0e-86f5-495bb797cbd9,1d734b19-bdf8-45b2-93e9-b5321f5c7940,48.229.7.118,1656204878,1656205838
1a192661-361c-49d7-8a89-2d53eea744dc,3e1ee272-3228-4cf0-9d74-663527cef0ac,224.58.99.35,1673065491,1673068371
d0ed5f16-f51a-4470-9773-a2884d55fd50,3e1ee272-3228-4cf0-9d74-663527cef0ac,242.29.61.198,1685120865,1685131125
dbd77251-af63-43f3-945d-693003ad00ba,1d734b19-bdf8-45b2-93e9-b5321f5c7940,217.221.7.118,1683117978,1683122958
aa5aa3b8-90e2-4bac-945b-26ece27aad84,1d734b19-bdf8-45b2-93e9-b5321f5c7940,127.180.233.85,1669942773,1669952493
ca4e48ef-ea66-4d0b-a8e1-a2e5025ce768,1d734b19-bdf8-45b2-93e9-b5321f5c7940,240.205.179.245,1673537750,1673543210
48c1faec-94b3-4cb4-8211-60c46eaf9498,1d734b19-bdf8-45b2-93e9-b5321f5c7940,162.153.241.69,1658406459,1658411799
ffafaa6e-d98f-4f68-ae4f-78f1735b5e8a,1d734b19-bdf8-45b2-93e9-b5321f5c7940,142.105.23.38,1663708176,1663714476
1f6d0b64-4b1e-44e9-bb55-88192652634d,3e1ee272-3228-4cf0-9d74-663527cef0ac,79.231.186.122,1668957188,1668958508
21ab032a-666c-4b84-b10c-397a1162cbe1,b6273b76-69c8-4f1f-bdbe-82de27008cb3,159.140.195.141,1681566166,1681575406
de81ea80-7a11-41f4-9d37-c37927a925c3,b6273b76-69c8-4f1f-bdbe-82de27008cb3,27.160.130.1,1663011950,1663021850
b389a2d4-0cef-4618-b477-4f45972a6ce7,3e1ee272-3228-4cf0-9d74-663527cef0ac,173.6.51.194,1684045557,1684052757
6aa91191-3376-4953-9dba-5d3dd325dd69,3e1ee272-3228-4cf0-9d74-663527cef0ac,239.217.238.88,1672005011,1672008011
7e28c384-0f53-43ee-bb3b-3c3c04e8d44b,3e1ee272-3228-4cf0-9d74-663527cef0ac,1.204.86.52,1680528575,1680539255
aedf3f31-650b-4e8e-9723-38fe895c515a,3e1ee272-3228-4cf0-9d74-663527cef0ac,41.16.166.186,1664603125,1664609785
d69d0015-fe7c-40c1-b1a4-039214901410,3e1ee272-3228-4cf0-9d74-663527cef0ac,197.166.141.166,1665713955,1665722355
a5c6f1da-524c-45e8-9def-d630caccbbd7,b6273b76-69c8-4f1f-bdbe-82de27008cb3,148.53.210.251,1676183980,1676189920
84ffb4bd-7191-4165-aeff-9869b2be0c19,3e1ee272-3228-4cf0-9d74-663527cef0ac,71.35.25.196,1664647602,1664653602
92fce45b-fed9-4497-a881-523f91ae940d,1d734b19-bdf8-45b2-93e9-b5321f5c7940,105.91.18.12,1685820086,1685826206
89fc55ec-c852-4644-aee3-3c3474ab3f96,3e1ee272-3228-4cf0-9d74-663527cef0ac,73.167.131.140,1667482518,1667483958
6b6079cb-c6f2-420d-a5f4-ddcb485b032a,3e1ee272-3228-4cf0-9d74-663527cef0ac,217.105.216.179,1675237215,1675242915
0282515c-d945-4e94-9c4b-bf50fbf0ec42,1d734b19-bdf8-45b2-93e9-b5321f5c7940,26.66.138.219,1678654960,1678660420
4eca3699-823a-4118-97eb-ee8eae88d00c,3e1ee272-3228-4cf0-9d74-663527cef0ac,157.226.12.98,1663051725,1663060785
73bbe450-5d61-426d-b45c-1b7747ea9c96,3e1ee272-3228-4cf0-9d74-663527cef0ac,113.193.201.177,1686157886,1686161246
63ed83f3-51ef-4d68-bf7f-0d339ed0241f,b6273b76-69c8-4f1f-bdbe-82de27008cb3,33.82.118.198,1657023777,1657024917
8b0c0a15-82ec-4a5e-a7b6-6476447ebc30,b6273b76-69c8-4f1f-bdbe-82de27008cb3,35.135.53.182,1667616862,1667620162
4434fcd1-35c7-455d-85b2-35e634abfb0d,b6273b76-69c8-4f1f-bdbe-82de27008cb3,183.186.184.158,1661575051,1661577811
dca66ddf-48b5-4c97-974c-8d322032622c,1d734b19-bdf8-45b2-93e9-b5321f5c7940,207.10.21.40,1664930162,1664936882
becf35c6-5595-4275-b8b0-810d696a42c8,3e1ee272-3228-4cf0-9d74-663527cef0ac,193.211.144.204,1657392644,1657400144
d6028c07-1050-4dfc-91f8-b3006a4e5bdb,3e1ee272-3228-4cf0-9d74-663527cef0ac,102.225.39.47,1666318754,1666325534
87158037-3c40-48fa-b6d8-0683b82b2a5b,b6273b76-69c8-4f1f-bdbe-82de27008cb3,30.123.144.104,1673965134,1673972394
6733b49d-0a85-4904-a5c6-43ce9b8ca76d,3e1ee272-3228-4cf0-9d74-663527cef0ac,179.94.8.97,1667817557,1667819297
0d77da72-3de7-4f8f-a365-b8c3cceb507d,b6273b76-69c8-4f1f-bdbe-82de27008cb3,5.236.117.156,1665655162,1665656782
8739f471-a26a-4ce6-be6b-f69466583e64,3e1ee272-3228-4cf0-9d74-663527cef0ac,6.28.19.58,1668464830,1668469090
8dab032d-1b3d-45e4-90d2-5e4d27bdf4e7,3e1ee272-3228-4cf0-9d74-663527cef0ac,133.166.7.204,1673887262,1673897762
24ab97fa-8acb-4fc5-bf09-95043ca82e76,1d734b19-bdf8-45b2-93e9-b5321f5c7940,106.125.248.80,1668342444,1668350484
db764c21-7a00-443d-bc5b-95d942e6f7ec,b6273b76-69c8-4f1f-bdbe-82de27008cb3,201.79.141.148,1675175616,1675186416
ed3cde5b-2b8b-4b69-8503-2fd696f98c1f,b6273b76-69c8-4f1f-bdbe-82de27008cb3,166.124.20.128,1675743139,1675745359
a004c74f-caca-4de3-bff4-c6f533c23fbb,b6273b76-69c8-4f1f-bdbe-82de27008cb3,183.140.162.114,1678328460,1678337880
47397034-0a65-40a4-9d65-9fe00ab4290e,b6273b76-69c8-4f1f-bdbe-82de27008cb3,212.193.187.27,1675985151,1675987791
a5992420-9fd6-474c-9a12-37509e31ce13,1d734b19-bdf8-45b2-93e9-b5321f5c7940,165.229.240.88,1680385334,1680392714
34140daf-b029-45b5-af73-b6c8b75a379f,1d734b19-bdf8-45b2-93e9-b5321f5c7940,54.109.49.104,1661920947,1661925747
6f6004fc-cb6e-4c92-a6d6-90ae57093d49,3e1ee272-3228-4cf0-9d74-663527cef0ac,100.102.184.44,1661846713,1661854633
863d5866-a169-4af6-bea0-0c6a92b7145c,b6273b76-69c8-4f1f-bdbe-82de27008cb3,151.225.145.60,1679531877,1679537637
d8e520a6-bb90-40a9-92f8-bf2dccc93014,1d734b19-bdf8-45b2-93e9-b5321f5c7940,181.217.198.94,1659510049,1659518869
7f863510-f320-46e9-95ba-52e9eb6c8b7a,1d734b19-bdf8-45b2-93e9-b5321f5c7940,154.209.145.83,1678799227,1678806487
62bdad1c-3358-4a52-ad5a-f9a3dd27090b,b6273b76-69c8-4f1f-bdbe-82de27008cb3,128.216.92.191,1679382292,1679383252
4256e38c-cf81-438e-8551-746c05adb707,b6273b76-69c8-4f1f-bdbe-82de27008cb3,0.88.203.223,1667889591,1667898111
3470df30-5a84-4b53-93c4-85cf867be6e8,1d734b19-bdf8-45b2-93e9-b5321f5c7940,75.160.238.73,1677599668,1677600688
af8e5aed-9a21-4894-a92a-267beb98d89f,1d734b19-bdf8-45b2-93e9-b5321f5c7940,251.138.59.173,1680138418,1680148918
0a2f7259-86f9-424c-96fc-dccf66d16927,1d734b19-bdf8-45b2-93e9-b5321f5c7940,4.216.33.2,1666302884,1666309364
866a8272-1f58-4b58-abba-41937d60e1b9,3e1ee272-3228-4cf0-9d74-663527cef0ac,152.158.158.7,1657777668,1657788408
2148c77a-7dee-4f99-a387-26df385cca3b,b6273b76-69c8-4f1f-bdbe-82de27008cb3,98.143.126.144,1683647380,1683657040
173cfcfc-0f07-4c04-b812-e0fd0991ab4b,b6273b76-69c8-4f1f-bdbe-82de27008cb3,218.163.184.76,1666054500,1666055820
2a5b3a4e-4a5d-4209-a59f-185c52126e21,b6273b76-69c8-4f1f-bdbe-82de27008cb3,193.6.205.151,1676933060,1676938580
2363a950-01cc-4760-b1a8-8b51ecd2623f,b6273b76-69c8-4f1f-bdbe-82de27008cb3,36.202.210.100,1662870089,1662871649
7b4cdb7b-da04-478d-be3d-69bfdebb297d,3e1ee272-3228-4cf0-9d74-663527cef0ac,45.20.6.205,1660498502,1660500422
9d8be883-6f9a-4854-ad0b-5915d1a81d33,1d734b19-bdf8-45b2-93e9-b5321f5c7940,7.177.12.169,1671943313,1671947813
c45ca92b-2d9c-4e82-be0d-c552890ed98f,3e1ee272-3228-4cf0-9d74-663527cef0ac,212.109.104.156,1664057068,1664061448
d5783a90-42d8-46f5-9c33-1d301ff6904c,b6273b76-69c8-4f1f-bdbe-82de27008cb3,234.251.2.222,1679295118,1679301538
a89ee32a-ed02-4a10-9bdf-aba8e1d4f42d,1d734b19-bdf8-45b2-93e9-b5321f5c7940,145.45.8.56,1670209283,1670218763
9b51b6cf-4e59-47c2-b943-2ee9d3835183,3e1ee272-3228-4cf0-9d74-663527cef0ac,55.12.198.40,1661495786,1661504066
38217496-0449-4288-ac24-da297b0b0ad9,3e1ee272-3228-4cf0-9d74-663527cef0ac,227.32.88.41,1655451161,1655457401
2f377130-6f27-47e7-9c85-62bd88c5cc50,b6273b76-69c8-4f1f-bdbe-82de27008cb3,238.39.45.233,1658054950,1658065150
d5df6f9c-e49d-45d0-8f13-3bec15f2d10c,3e1ee272-3228-4cf0-9d74-663527cef0ac,201.101.186.24,1657136072,1657141832
02edef78-d6fb-4e19-a9be-fbfc51db12f0,3e1ee272-3228-4cf0-9d74-663527cef0ac,101.117.99.96,1668101641,1668108661
cdc1cc47-514a-4828-8960-8f8ac95815b2,3e1ee272-3228-4cf0-9d74-663527cef0ac,8.61.121.110,1671462029,1671469409
71cc3ad2-bd8b-4ba4-b3d2-c44f9ea7cc6a,1d734b19-bdf8-45b2-93e9-b5321f5c7940,10.221.30.155,1684776405,1684777305
67f821a3-452e-4d7b-ba8a-f677c39f053a,1d734b19-bdf8-45b2-93e9-b5321f5c7940,160.192.127.87,1668127664,1668135344
5d225376-680f-4e72-8c54-260707ef44ba,b6273b76-69c8-4f1f-bdbe-82de27008cb3,193.227.224.77,1670490076,1670494936
0459965d-29cc-49cb-b54b-b0987b379181,b6273b76-69c8-4f1f-bdbe-82de27008cb3,166.210.164.220,1676712316,1676714476
7135b9da-d427-4577-b9a3-de9f990d81c0,b6273b76-69c8-4f1f-bdbe-82de27008cb3,61.56.106.201,1680136430,1680146210
810a0fbf-d3de-4b7f-bffa-c2cbde71f8f7,3e1ee272-3228-4cf0-9d74-663527cef0ac,199.99.49.250,1661247929,1661249069
1fe3fdbd-305c-4958-b551-35cce92e66bb,1d734b19-bdf8-45b2-93e9-b5321f5c7940,214.33.171.172,1659760921,1659769801
54a4d13f-9859-42a5-8aad-788d191e736f,b6273b76-69c8-4f1f-bdbe-82de27008cb3,5.71.193.89,1682624877,1682628237
c36bc542-f2fc-40b0-ac08-f8079dd59327,3e1ee272-3228-4cf0-9d74-663527cef0ac,95.184.138.210,1684740258,1684745358
17e689b2-5515-41f5-93d5-8647e1b09b31,b6273b76-69c8-4f1f-bdbe-82de27008cb3,84.159.65.54,1682796221,1682798381
80135c08-c828-4fcc-9964-fb3f5f17dc14,3e1ee272-3228-4cf0-9d74-663527cef0ac,172.25.154.77,1664738888,1664745668
e190cc7e-be51-4e84-b3ee-abe1d38567b8,1d734b19-bdf8-45b2-93e9-b5321f5c7940,204.218.231.88,1676195215,1676201995
416412a3-a84d-4add-90ab-c93074e1b78f,b6273b76-69c8-4f1f-bdbe-82de27008cb3,52.83.208.36,1675947713,1675954493
e3237adb-38af-4693-b17a-0d0fb91ddc4b,b6273b76-69c8-4f1f-bdbe-82de27008cb3,149.160.95.197,1680487538,1680497798
e5134df7-916c-4374-85c1-c11bd93c3737,1d734b19-bdf8-45b2-93e9-b5321f5c7940,112.100.95.58,1657133120,1657138640
ab17d716-1c52-4566-af81-60657b66c4c6,3e1ee272-3228-4cf0-9d74-663527cef0ac,57.125.39.63,1667381812,1667383732
292e8603-de8c-4825-932f-2a2883d8913e,3e1ee272-3228-4cf0-9d74-663527cef0ac,62.224.29.193,1658279554,1658289454
fabda6ee-d75d-48cc-97b5-1e090468133b,b6273b76-69c8-4f1f-bdbe-82de27008cb3,219.149.139.19,1675899063,1675906683
b4cb5b74-0fb6-469b-8c0c-1a7a18bcb34b,3e1ee272-3228-4cf0-9d74-663527cef0ac,215.127.217.185,1680925622,1680927602
0cdaeff9-b543-4e27-974a-940bb4315b96,1d734b19-bdf8-45b2-93e9-b5321f5c7940,244.79.26.225,1670885795,1670893235
3cb2f9a1-82b4-484e-888e-4d77283a1f73,b6273b76-69c8-4f1f-bdbe-82de27008cb3,42.17.5.97,1680485020,1680491200
222c0693-19eb-46ea-9a3c-7de95c5a8920,b6273b76-69c8-4f1f-bdbe-82de27008cb3,72.69.101.32,1673647565,1673656085
bd8cc8d6-3a5b-4962-9ed8-82ea5dafd727,3e1ee272-3228-4cf0-9d74-663527cef0ac,202.227.181.171,1662738806,1662741986
633d523a-6fc2-482f-a4e4-3f12061a8f23,b6273b76-69c8-4f1f-bdbe-82de27008cb3,40.42.157.216,1656935222,1656944162
4ca49c1a-6560-4289-9658-d6d1d05aa66c,3e1ee272-3228-4cf0-9d74-663527cef0ac,42.163.254.113,1657356311,1657366991
2284b755-d2c2-494e-bb95-dfe91571d380,b6273b76-69c8-4f1f-bdbe-82de27008cb3,25.108.6.43,1679706318,1679717118
3cca40ed-1368-4c2a-b870-e572dc48e124,1d734b19-bdf8-45b2-93e9-b5321f5c7940,230.16.119.3,1683660616,1683665116
b52807c7-c70c-441f-97d0-76fd9f56c67a,3e1ee272-3228-4cf0-9d74-663527cef0ac,248.62.6.242,1676946654,1676953134
6e040927-20de-4406-ae88-d8c6862eded9,b6273b76-69c8-4f1f-bdbe-82de27008cb3,161.145.25.21,1657711947,1657720287
7c88f429-a987-4210-9e9e-ed59dd40805a,1d734b19-bdf8-45b2-93e9-b5321f5c7940,177.185.186.85,1669591524,1669592484
62543bf4-e024-45a0-a918-3c731a07efc0,b6273b76-69c8-4f1f-bdbe-82de27008cb3,169.64.99.254,1664719441,1664721541
044a83f5-7d5f-4be4-b587-172faf01c7ce,b6273b76-69c8-4f1f-bdbe-82de27008cb3,122.109.235.76,1655762343,1655771583
1145355d-13a3-4ce5-8f66-3d6bf66dce50,3e1ee272-3228-4cf0-9d74-663527cef0ac,213.151.115.60,1662875648,1662880268
d9aafeac-d4ca-4b92-8d00-1b19a4003d82,b6273b76-69c8-4f1f-bdbe-82de27008cb3,79.142.199.67,1664537786,1664545766
3b5d0ea4-6fcd-4374-8bf2-24d2a60359af,b6273b76-69c8-4f1f-bdbe-82de27008cb3,51.63.110.168,1670534672,1670539652
86deee57-96e3-42fe-ba36-642cf2ed8da0,b6273b76-69c8-4f1f-bdbe-82de27008cb3,130.58.158.225,1683897407,1683903287
93b13987-a402-4747-ad04-8a7e0bc3936f,b6273b76-69c8-4f1f-bdbe-82de27008cb3,25.148.103.90,1667164919,1667167019
0c45c6ec-9e4a-4be1-adff-2aefe917c85c,1d734b19-bdf8-45b2-93e9-b5321f5c7940,223.114.233.252,1672480807,1672482007
115a83f1-9a58-4d45-b112-1e21960ee668,1d734b19-bdf8-45b2-93e9-b5321f5c7940,39.227.55.19,1669319361,1669320921
5c980041-cbb4-4b64-afc9-61e52aedf1f7,3e1ee272-3228-4cf0-9d74-663527cef0ac,193.176.156.186,1685058718,1685063578
3b456e09-0604-4bd3-a1f3-5ac8d9665a2b,3e1ee272-3228-4cf0-9d74-663527cef0ac,122.242.62.165,1680982164,1680992304
dab9d0f0-6dbf-4653-9b37-453b10a56b6a,1d734b19-bdf8-45b2-93e9-b5321f5c7940,143.163.113.210,1672280092,1672287892
e0b26daa-b740-4e3a-b25e-eb9f4fa89728,b6273b76-69c8-4f1f-bdbe-82de27008cb3,113.245.127.122,1661086601,1661096141
80336908-ddbf-4506-a743-519e96ddcddf,1d734b19-bdf8-45b2-93e9-b5321f5c7940,66.186.32.21,1667973348,1667979888
05465dcd-9d9f-407b-8d96-97867ad9b44b,b6273b76-69c8-4f1f-bdbe-82de27008cb3,12.20.220.92,1675004789,1675008629
ba38c75f-c7bb-49ee-a1ba-9df7a3d04347,3e1ee272-3228-4cf0-9d74-663527cef0ac,164.62.16.230,1656797478,1656799578
8fd2c23d-e0d9-490f-b81f-f36aa3a59237,3e1ee272-3228-4cf0-9d74-663527cef0ac,126.40.131.51,1662069432,1662071712
01f3fbf6-e5f1-44ff-8484-2c5828f6c642,b6273b76-69c8-4f1f-bdbe-82de27008cb3,235.167.63.115,1685977995,1685980035
799ca3a0-df38-46bd-bdef-57829582a4c1,b6273b76-69c8-4f1f-bdbe-82de27008cb3,222.205.76.99,1663500452,1663506932
8ce2fd84-2072-45b4-8706-0c1afd1f7a39,3e1ee272-3228-4cf0-9d74-663527cef0ac,138.26.155.215,1669872550,1669882510
dfcea481-9d98-4d8a-93a3-428aaa69835f,1d734b19-bdf8-45b2-93e9-b5321f5c7940,223.33.228.180,1676630177,1676631857
fe19dd49-872e-4062-8f34-afa0f90ff1ae,1d734b19-bdf8-45b2-93e9-b5321f5c7940,168.105.113.191,1675211050,1675212610
6c9b1742-bc69-41c3-8a93-50f0e8aa5e2a,1d734b19-bdf8-45b2-93e9-b5321f5c7940,227.160.56.123,1665298068,1665306408
d5139882-3b05-450d-9709-d74eb17c6e1c,1d734b19-bdf8-45b2-93e9-b5321f5c7940,249.135.157.199,1681906736,1681908236
2bca5228-4b26-4400-966a-ad40f5bfb55b,b6273b76-69c8-4f1f-bdbe-82de27008cb3,200.208.222.55,1662961704,1662965604
3a9a8f89-67ba-4478-83c0-2e8fca64babb,1d734b19-bdf8-45b2-93e9-b5321f5c7940,116.122.94.184,1662640848,1662649068
8e761a73-955a-4558-897b-d482446a5045,3e1ee272-3228-4cf0-9d74-663527cef0ac,36.8.211.229,1664663140,1664672980
af2daf62-d9d8-464a-931d-acbc622c298c,b6273b76-69c8-4f1f-bdbe-82de27008cb3,27.226.13.44,1669944543,1669949943
9d029227-dc4c-4e8f-877e-f2cf9372cb50,1d734b19-bdf8-45b2-93e9-b5321f5c7940,196.230.14.151,1671145244,1671153104
8a2b878a-579f-4950-ba62-deb2a100e6a5,1d734b19-bdf8-45b2-93e9-b5321f5c7940,244.94.157.93,1685103999,1685107539
2f44d37b-dce1-4fd1-b512-3f7b1956f05d,1d734b19-bdf8-45b2-93e9-b5321f5c7940,20.79.229.114,1667281793,1667284673
79bd94fa-4a41-427d-9e4f-907407b526bd,b6273b76-69c8-4f1f-bdbe-82de27008cb3,106.71.202.4,1668588223,1668592543
f566eddc-ff94-46b6-8dc7-b2d7346bb34d,b6273b76-69c8-4f1f-bdbe-82de27008cb3,48.211.204.45,1685055105,1685062365
ec77f507-3d78-4892-9806-9fc29b40b57a,3e1ee272-3228-4cf0-9d74-663527cef0ac,144.222.206.20,1658321164,1658326624
31dc777d-7597-407f-83b7-453326299cc1,b6273b76-69c8-4f1f-bdbe-82de27008cb3,54.206.217.211,1659525508,1659531508
c8f9c588-48fe-4316-be46-0b8f009848db,1d734b19-bdf8-45b2-93e9-b5321f5c7940,9.130.89.95,1663115407,1663121107
2d13c58d-ef95-418a-9b68-cf63d909cf8e,1d734b19-bdf8-45b2-93e9-b5321f5c7940,15.9.157.205,1686203378,1686212078
7d5aa165-749d-4282-b924-72fab4271e3e,b6273b76-69c8-4f1f-bdbe-82de27008cb3,185.16.17.18,1677694410,1677700470
12224d2a-7d26-48d6-badb-b00d0fa0735b,b6273b76-69c8-4f1f-bdbe-82de27008cb3,145.56.52.28,1677551498,1677553598
e97968cf-04b7-4ae2-83e7-51dcacb21b72,b6273b76-69c8-4f1f-bdbe-82de27008cb3,244.230.240.189,1672305240,1672311900
12312998-dd3f-4b57-9900-3c4a3a02b368,b6273b76-69c8-4f1f-bdbe-82de27008cb3,40.69.134.165,1667234156,1667238656
1da51462-25b0-4304-824b-3df6d3d8992e,b6273b76-69c8-4f1f-bdbe-82de27008cb3,138.123.164.247,1682988212,1682998412
a06423c8-e73a-48a9-8221-7ab7d488a74d,b6273b76-69c8-4f1f-bdbe-82de27008cb3,231.171.223.245,1674809436,1674815316
6c7bc6ac-c526-490c-9329-dccf283d6a19,1d734b19-bdf8-45b2-93e9-b5321f5c7940,254.161.158.219,1665190462,1665194602
5d8777de-430c-4538-8cf6-eac7dbc38266,1d734b19-bdf8-45b2-93e9-b5321f5c7940,149.21.127.218,1656810865,1656815605
cc3abdc0-a4d5-4bfa-bd39-9e5ebffd875c,1d734b19-bdf8-45b2-93e9-b5321f5c7940,54.171.132.89,1672654426,1672664386
db1a40a3-dc09-40e0-8479-8e4611b39b18,1d734b19-bdf8-45b2-93e9-b5321f5c7940,149.46.208.114,1665618444,1665626484
e71b8cec-c6db-4ec6-9a40-f9ecac0fea1c,b6273b76-69c8-4f1f-bdbe-82de27008cb3,123.142.217.231,1659913818,1659916338
71d909d7-1755-4dca-86b0-9aa208519e5c,3e1ee272-3228-4cf0-9d74-663527cef0ac,212.50.119.153,1671925860,1671929160
3fc673ca-3258-4628-b755-5c79638498b8,1d734b19-bdf8-45b2-93e9-b5321f5c7940,215.71.131.157,1667689190,1667697170
d714b405-f4ef-4191-b229-ca1a6e3926a8,b6273b76-69c8-4f1f-bdbe-82de27008cb3,58.115.80.65,1679128553,1679130593
f43883bb-f241-4435-81d1-8d834c8cd91e,1d734b19-bdf8-45b2-93e9-b5321f5c7940,207.91.232.15,1686865674,1686871674
d9e5a9b3-b9f9-4420-bb2a-0908bb15a031,3e1ee272-3228-4cf0-9d74-663527cef0ac,205.135.115.213,1668009116,1668010376
68174fcc-bab4-4a69-a9f7-dd810568305d,3e1ee272-3228-4cf0-9d74-663527cef0ac,228.119.226.56,1686702826,1686707686
73cacf9e-35e2-4958-8215-e1865f54524b,1d734b19-bdf8-45b2-93e9-b5321f5c7940,224.233.208.59,1673322724,1673327344
f6cbd3ab-fedc-4800-ac7a-be325eee646e,1d734b19-bdf8-45b2-93e9-b5321f5c7940,202.185.129.78,1659372137,1659381917
a8b3593f-5a99-49bd-b4d6-a22630d6c244,3e1ee272-3228-4cf0-9d74-663527cef0ac,12.226.240.229,1670758526,1670763746
07afe579-fd40-4c6d-b3ed-de9209370c4f,1d734b19-bdf8-45b2-93e9-b5321f5c7940,135.82.199.151,1682031003,1682034843
e5a93fac-8706-4fdd-86a1-926ddad6f5ac,b6273b76-69c8-4f1f-bdbe-82de27008cb3,110.122.201.91,1675367044,1675371364
863c16ec-86b0-414e-8883-66709c141915,3e1ee272-3228-4cf0-9d74-663527cef0ac,158.132.206.1,1656945492,1656953352
3ebdce55-18c3-4d01-a3b3-62a76dd2c5a5,1d734b19-bdf8-45b2-93e9-b5321f5c7940,90.235.154.40,1667425991,1667427431
8893fa57-a467-477c-81a8-cfbeb51ab537,b6273b76-69c8-4f1f-bdbe-82de27008cb3,107.252.225.103,1655762628,1655767788
9a06ef2f-cc96-4c8b-9ad4-ab5fbfe9c5ec,1d734b19-bdf8-45b2-93e9-b5321f5c7940,54.136.197.57,1656355685,1656356825
12396485-2fc7-4fa2-833a-cedbc4fdcfa1,3e1ee272-3228-4cf0-9d74-663527cef0ac,88.51.226.242,1681237092,1681247832
2c7548c9-feef-4786-abd3-2243e90c9e9d,1d734b19-bdf8-45b2-93e9-b5321f5c7940,8.27.12.157,1667012278,1667015278
2d5ca317-5ac7-4506-ab9c-6778a01087e3,b6273b76-69c8-4f1f-bdbe-82de27008cb3,204.33.43.54,1661986812,1661988192
95ea2f1d-9d17-4233-927c-a080c4eab7e3,3e1ee272-3228-4cf0-9d74-663527cef0ac,124.118.31.74,1662853861,1662859441
b25388f0-43a5-4350-9e3a-06aa1f32f8f3,3e1ee272-3228-4cf0-9d74-663527cef0ac,164.36.35.180,1662655157,1662663557
5566f0b0-6ed3-4cf6-a32b-211684874f91,b6273b76-69c8-4f1f-bdbe-82de27008cb3,116.188.213.99,1670902180,1670906860
33cb6c20-ca48-4f01-93cd-fd668a65935a,3e1ee272-3228-4cf0-9d74-663527cef0ac,85.79.46.3,1663020989,1663026509
4d0acead-668b-45d6-bdc3-691136f6af16,3e1ee272-3228-4cf0-9d74-663527cef0ac,185.27.181.143,1679519749,1679529409
08d6745b-aadd-4a03-9ef7-1a7a58639344,3e1ee272-3228-4cf0-9d74-663527cef0ac,42.131.124.83,1676408696,1676412356
5fc05da2-e851-4b04-bc32-3b2ace22eb0a,1d734b19-bdf8-45b2-93e9-b5321f5c7940,170.194.138.15,1661206009,1661209309
388c2a10-6561-4e95-afd2-875368655cf0,1d734b19-bdf8-45b2-93e9-b5321f5c7940,66.118.233.107,1657359811,1657369891
25d0e98e-4d6e-4b1b-8c66-dc2febb87fdb,b6273b76-69c8-4f1f-bdbe-82de27008cb3,119.167.53.246,1660363609,1660372309
cc24435f-e1c6-48b6-bdde-9794867bef6e,3e1ee272-3228-4cf0-9d74-663527cef0ac,73.197.46.105,1663163307,1663167927
df339981-3584-43f4-a7b2-fb04b020eaa9,3e1ee272-3228-4cf0-9d74-663527cef0ac,77.229.83.42,1677589877,1677598877
eeea1b62-02fe-464c-8f09-50f9c025ba0f,b6273b76-69c8-4f1f-bdbe-82de27008cb3,172.34.212.93,1673372999,1673380139
489b558b-e19a-480c-8c0c-65509fed23cd,b6273b76-69c8-4f1f-bdbe-82de27008cb3,36.101.44.104,1678315419,1678325139
84067f61-c5b9-4d38-952c-104e9b321b13,3e1ee272-3228-4cf0-9d74-663527cef0ac,104.224.153.82,1675495050,1675502730
8bbadabe-95ac-4e80-bce9-642e60e21ffa,3e1ee272-3228-4cf0-9d74-663527cef0ac,14.55.179.104,1671527819,1671537539
81447f2c-def6-4d4e-a59e-2e43a641d19e,b6273b76-69c8-4f1f-bdbe-82de27008cb3,148.158.26.222,1655799968,1655804288
eaaf4ad2-eaaa-46a1-955f-52c7258f442d,b6273b76-69c8-4f1f-bdbe-82de27008cb3,99.212.162.74,1672380376,1672381636
95d742a7-8fff-450c-942d-eb7ff183524e,b6273b76-69c8-4f1f-bdbe-82de27008cb3,94.196.131.253,1677019622,1677025322
28073123-1058-4748-b3b9-02d90a763b48,1d734b19-bdf8-45b2-93e9-b5321f5c7940,209.203.2.141,1684381673,1684391213
4f8e1733-4969-4a8f-8b04-8dd22286edc5,1d734b19-bdf8-45b2-93e9-b5321f5c7940,212.71.160.91,1684918270,1684925590
639c5806-cc35-4ce8-9b20-50b297f0bbc2,b6273b76-69c8-4f1f-bdbe-82de27008cb3,204.6.124.111,1684805742,1684813542
d894d9ba-830f-4fc7-9d34-fbe41660ca3d,b6273b76-69c8-4f1f-bdbe-82de27008cb3,83.17.141.58,1659482045,1659491525
e8cc2527-a43d-45a3-abe9-168e5c665e74,3e1ee272-3228-4cf0-9d74-663527cef0ac,73.1.148.148,1663723332,1663726092
0fcc34e0-ed06-4535-bfdd-bc98fc2acb01,b6273b76-69c8-4f1f-bdbe-82de27008cb3,193.35.200.50,1674040945,1674051385
f095ac06-6050-4010-9500-0f4e44ace890,3e1ee272-3228-4cf0-9d74-663527cef0ac,181.35.8.66,1686499128,1686504888
eb715075-f0aa-4d1a-a8c1-67c020519865,1d734b19-bdf8-45b2-93e9-b5321f5c7940,20.172.47.139,1680732753,1680739353
df262ad2-2473-4c6f-b3f8-19513b41537e,1d734b19-bdf8-45b2-93e9-b5321f5c7940,101.181.115.12,1674730099,1674740899
640bf518-907b-4161-96ab-eb0c0dab2330,1d734b19-bdf8-45b2-93e9-b5321f5c7940,241.242.16.231,1667901543,1667907783
6c6c1a91-ef41-42d9-9db7-b16e72386b2b,b6273b76-69c8-4f1f-bdbe-82de27008cb3,174.253.63.25,1660935864,1660945044
aff9d4b8-5f79-4867-95f7-193e10384510,1d734b19-bdf8-45b2-93e9-b5321f5c7940,15.216.67.156,1666206452,1666210952
4c23d86c-8879-479e-8f2b-cd4aa7589e11,1d734b19-bdf8-45b2-93e9-b5321f5c7940,47.45.123.231,1662341731,1662343951
a1d87bc7-a7cf-4ad7-bc36-7d45346f1ca7,1d734b19-bdf8-45b2-93e9-b5321f5c7940,46.61.153.248,1657656125,1657663385
cd4df6f1-a769-4a29-b09a-e5fcf433626c,b6273b76-69c8-4f1f-bdbe-82de27008cb3,59.146.209.154,1683246889,1683251509
eb2faaa1-3e69-427b-8c1b-c31daedd81a1,b6273b76-69c8-4f1f-bdbe-82de27008cb3,23.145.108.139,1680456800,1680462980
a498776e-48f2-4752-b0f2-75a70d7d7950,3e1ee272-3228-4cf0-9d74-663527cef0ac,205.173.167.5,1659077259,1659081879
211b37a9-7225-4d9c-9ad2-02b30a7dece4,b6273b76-69c8-4f1f-bdbe-82de27008cb3,181.110.191.60,1665810207,1665816327
b0b6732c-8ed8-4943-896a-fb427a588a82,1d734b19-bdf8-45b2-93e9-b5321f5c7940,105.10.205.117,1686000285,1686003105
685949b1-2fc5-4b7d-9438-6be13d66b64c,b6273b76-69c8-4f1f-bdbe-82de27008cb3,103.195.153.146,1676349724,1676355424
96b13eeb-e1ef-44f9-9d32-bab618474527,3e1ee272-3228-4cf0-9d74-663527cef0ac,60.71.93.195,1675228162,1675229302
2a6cfdd4-9009-4279-a55f-9ff657f279a9,3e1ee272-3228-4cf0-9d74-663527cef0ac,4.155.117.255,1674136669,1674140749
25e78044-7aa5-469e-a39e-d9160752a120,3e1ee272-3228-4cf0-9d74-663527cef0ac,118.52.21.34,1655683174,1655685094
82277153-5998-4210-89f4-b3d3766ac130,3e1ee272-3228-4cf0-9d74-663527cef0ac,27.16.1.13,1670529614,1670530574
9d359c48-50be-4974-88e5-1fb87d75bf73,3e1ee272-3228-4cf0-9d74-663527cef0ac,88.14.224.162,1662091305,1662099525
430045ae-69e8-4f48-a664-e755b81ba2e1,3e1ee272-3228-4cf0-9d74-663527cef0ac,212.153.4.25,1686653347,1686661567
a6dcd184-12bd-4af4-8116-a6421e53124b,b6273b76-69c8-4f1f-bdbe-82de27008cb3,15.245.223.34,1672550918,1672555418
d1971fe1-4a1d-4014-abad-34fdf5bb7c08,1d734b19-bdf8-45b2-93e9-b5321f5c7940,121.194.98.210,1668619712,1668625712
fd94e4e8-7618-4231-9363-1c2a4d4deb3b,1d734b19-bdf8-45b2-93e9-b5321f5c7940,78.95.42.11,1675722764,1675724744
5932b025-14e7-422f-ab8c-c9fd2cd6edb5,3e1ee272-3228-4cf0-9d74-663527cef0ac,48.122.122.177,1656136182,1656146442
3b6b20f1-176f-40db-8708-cc3b350c585e,3e1ee272-3228-4cf0-9d74-663527cef0ac,138.108.214.71,1686449135,1686459095
db02cb45-c833-4fea-a0dd-dddbe1a9c8e2,b6273b76-69c8-4f1f-bdbe-82de27008cb3,161.165.129.4,1682397373,1682399893
fb292d26-5d1a-48db-8442-388d850d66e1,3e1ee272-3228-4cf0-9d74-663527cef0ac,66.114.134.55,1685011515,1685020695
32d6e911-f253-4ae0-8c85-d8ae03892926,1d734b19-bdf8-45b2-93e9-b5321f5c7940,25.142.149.144,1671335567,1671344627
c5da2df6-8d10-4ec6-94a2-b2f670549fa6,1d734b19-bdf8-45b2-93e9-b5321f5c7940,6.186.30.82,1681064106,1681065306
9273179e-e868-4fb6-89c2-5186c6e9a9d3,1d734b19-bdf8-45b2-93e9-b5321f5c7940,184.166.148.142,1684239909,1684243869
f764f73f-71b4-4168-9662-129e9a36720f,b6273b76-69c8-4f1f-bdbe-82de27008cb3,206.182.7.224,1664320686,1664324826
5a1ac844-bc93-4198-bd1b-9067533cd995,1d734b19-bdf8-45b2-93e9-b5321f5c7940,174.61.72.18,1659821983,1659832123
30ab4260-319a-4bcf-84cf-611168974d92,3e1ee272-3228-4cf0-9d74-663527cef0ac,12.42.102.156,1672692351,1672702371
05a93d6c-1118-437d-91c8-44cc15f0315e,3e1ee272-3228-4cf0-9d74-663527cef0ac,111.16.191.101,1674597295,1674606475
a5e9b478-65eb-4217-81e6-2d90f6dc41b6,b6273b76-69c8-4f1f-bdbe-82de27008cb3,244.72.233.63,1668086222,1668091022
73d83912-b5d7-497b-8bef-9e1943e4d50e,3e1ee272-3228-4cf0-9d74-663527cef0ac,172.141.1.234,1669393507,1669400347
4f65b404-b62f-4b88-8444-20bb2d900d6f,1d734b19-bdf8-45b2-93e9-b5321f5c7940,128.221.34.39,1658737003,1658743063
35dc2028-10ed-4a05-8adb-dc697236de8d,1d734b19-bdf8-45b2-93e9-b5321f5c7940,214.166.42.16,1666307501,1666314281
0432f3d4-2cd2-4eff-b03e-9b2eeddf919b,b6273b76-69c8-4f1f-bdbe-82de27008cb3,41.186.151.115,1673528950,1673530450
e4d327ea-8475-406f-9ef3-d48b63a24ad2,b6273b76-69c8-4f1f-bdbe-82de27008cb3,38.159.245.84,1661215928,1661224868
b31425bf-7d27-44c8-b484-a4c4535a4b75,3e1ee272-3228-4cf0-9d74-663527cef0ac,107.228.99.30,1668745234,1668755074
f1c41d5c-fb3e-42c9-93d9-f2cc7aed55ab,b6273b76-69c8-4f1f-bdbe-82de27008cb3,246.131.34.15,1670951039,1670960879
e177b652-6298-4b3c-b581-48bec03577ce,3e1ee272-3228-4cf0-9d74-663527cef0ac,159.4.24.38,1672257635,1672264835
b2c7537a-6573-40ee-819f-d7a1a1c7a445,3e1ee272-3228-4cf0-9d74-663527cef0ac,24.106.191.168,1672862396,1672871816
ad9068f2-8c90-4c38-97dd-b44e028f14f9,3e1ee272-3228-4cf0-9d74-663527cef0ac,216.99.171.168,1656200574,1656206574
d3d5fa0b-bd6e-4d59-aabd-a628bbe932d2,3e1ee272-3228-4cf0-9d74-663527cef0ac,251.45.55.91,1677265223,1677273323
21a9fff5-4b75-48fd-a029-cdb3313f8261,3e1ee272-3228-4cf0-9d74-663527cef0ac,37.24.172.71,1675666095,1675674555
895419f5-1823-4a3a-a986-bef3040bbfab,1d734b19-bdf8-45b2-93e9-b5321f5c7940,101.234.137.222,1675281242,1675291682
b4ffcefd-cd8d-4ff0-8801-1339213d264e,3e1ee272-3228-4cf0-9d74-663527cef0ac,221.197.249.128,1666572779,1666581299
8b38bb1f-a03d-4a8f-984f-18e77d14217b,1d734b19-bdf8-45b2-93e9-b5321f5c7940,204.92.158.52,1672190276,1672192796
73cc8e18-424b-425f-a523-fbe253f3c17d,b6273b76-69c8-4f1f-bdbe-82de27008cb3,132.123.197.93,1678745696,1678747076
0d30068c-d75c-4377-a90a-c56b0cf9a6c9,3e1ee272-3228-4cf0-9d74-663527cef0ac,113.243.0.42,1666955980,1666962400
598ec598-e570-4a95-907d-f7b7fde69ea1,1d734b19-bdf8-45b2-93e9-b5321f5c7940,75.158.163.47,1678398646,1678407826
083f539e-3180-4f86-9c33-b8a508550434,b6273b76-69c8-4f1f-bdbe-82de27008cb3,130.251.203.205,1657002549,1657004709
f445adfd-da96-4a23-b154-78407500a929,3e1ee272-3228-4cf0-9d74-663527cef0ac,124.248.6.73,1671194579,1671199379
c74486ec-6281-4f6c-bb74-fd6a53df25fd,b6273b76-69c8-4f1f-bdbe-82de27008cb3,243.3.241.133,1680725030,1680727130
4e189f3a-2a15-4498-8b45-44e6f8651379,1d734b19-bdf8-45b2-93e9-b5321f5c7940,11.237.147.234,1664579685,1664588145
93f0b22e-3c53-46ad-8854-8969dbdf7b70,3e1ee272-3228-4cf0-9d74-663527cef0ac,239.167.227.146,1682389281,1682393001
7f3754ca-d5c3-4c5f-a9f7-b41c7f9bc6ac,3e1ee272-3228-4cf0-9d74-663527cef0ac,97.111.119.38,1685363265,1685368005
9ce35ec0-f374-4452-b6a5-47f30428688f,1d734b19-bdf8-45b2-93e9-b5321f5c7940,168.95.198.176,1686689007,1686693267
b0d5786d-20b2-43ca-8380-5dc41e5509db,1d734b19-bdf8-45b2-93e9-b5321f5c7940,253.227.15.146,1676487810,1676493090
36945f7e-0674-440b-9ce1-cf7e0bd53c10,3e1ee272-3228-4cf0-9d74-663527cef0ac,217.93.190.126,1657900044,1657907604
fc0908d6-8941-4451-8754-8972ff04778c,3e1ee272-3228-4cf0-9d74-663527cef0ac,95.250.213.223,1672797290,1672805090
65961e72-9f1b-410a-86c7-c0d106b36b5f,b6273b76-69c8-4f1f-bdbe-82de27008cb3,214.106.202.214,1668358357,1668360757
9e1b63b8-0780-4a3f-97a1-b9f49884b08e,1d734b19-bdf8-45b2-93e9-b5321f5c7940,22.145.186.240,1656580579,1656585079
4a246855-ea6b-4f32-bac3-7ebbfedb34f0,3e1ee272-3228-4cf0-9d74-663527cef0ac,23.35.144.69,1659848589,1659849609
1e90c1c5-e242-4575-8dbe-cb3a06bb0df5,b6273b76-69c8-4f1f-bdbe-82de27008cb3,26.140.119.171,1678911938,1678918538
9ae91932-e0b5-40b0-ba36-d4181c0758f6,1d734b19-bdf8-45b2-93e9-b5321f5c7940,83.180.46.102,1671978502,1671987082
b953be94-6c11-4313-8a69-3fb54f5cd4fa,3e1ee272-3228-4cf0-9d74-663527cef0ac,172.38.12.194,1664264074,1664273554
262b68b3-3ae8-4868-a7ac-0a7e731366f1,b6273b76-69c8-4f1f-bdbe-82de27008cb3,189.221.98.125,1682234589,1682242089
e8b3a37d-baa3-48a0-94bf-f85b84c3125c,3e1ee272-3228-4cf0-9d74-663527cef0ac,74.245.70.252,1680804384,1680807744
e12f16fb-0ccf-4cb6-9345-5338764c29ce,b6273b76-69c8-4f1f-bdbe-82de27008cb3,244.32.183.244,1677126401,1677136421
c87927ed-ccdf-42e6-9431-33177565a61e,3e1ee272-3228-4cf0-9d74-663527cef0ac,233.229.254.4,1672531339,1672535959
8ddb9a76-189c-45e8-90b4-de56e1015786,b6273b76-69c8-4f1f-bdbe-82de27008cb3,41.240.24.182,1664767825,1664774005
a505ce0f-b257-4e9a-84fa-ac620c26c777,1d734b19-bdf8-45b2-93e9-b5321f5c7940,133.99.203.255,1677856013,1677865313
b4272f55-aeeb-4797-9910-6ea9610c2d71,b6273b76-69c8-4f1f-bdbe-82de27008cb3,209.149.2.231,1678302401,1678307201
e94a39c1-5e31-43d7-9cc2-4eaff83ff565,1d734b19-bdf8-45b2-93e9-b5321f5c7940,140.41.8.129,1682246047,1682247427
7cb65d18-a932-407f-9bd0-2708898d820f,1d734b19-bdf8-45b2-93e9-b5321f5c7940,48.178.93.52,1656301755,1656304995
349f804e-17ab-4966-afaf-9bead1758113,1d734b19-bdf8-45b2-93e9-b5321f5c7940,58.207.184.72,1666420699,1666426159
ac22724e-c8b6-418d-8725-2adb0cd40b5e,3e1ee272-3228-4cf0-9d74-663527cef0ac,203.6.30.78,1662202243,1662208783
b3311322-5c43-4edc-867a-8c49481e6a3b,3e1ee272-3228-4cf0-9d74-663527cef0ac,100.161.234.238,1671549842,1671554042
942f2a68-71d5-4a10-b12d-161e871de5c8,1d734b19-bdf8-45b2-93e9-b5321f5c7940,198.50.31.85,1681088573,1681092113
61ef1081-acf7-4b19-ac59-5c16497f0e59,3e1ee272-3228-4cf0-9d74-663527cef0ac,8.206.216.78,1674851575,1674857935
387142b5-c026-49b8-9f52-b8121964a998,b6273b76-69c8-4f1f-bdbe-82de27008cb3,26.10.45.101,1677715626,1677726186
97ac3a53-7de9-484f-a6ac-b358dd935894,1d734b19-bdf8-45b2-93e9-b5321f5c7940,198.169.55.98,1656166685,1656170945
cabc9f7d-b6f1-4a9e-8408-c065ce2f7941,b6273b76-69c8-4f1f-bdbe-82de27008cb3,71.237.201.50,1677367802,1677376202
c64ed321-6de6-43b9-bfda-664bf99eedfd,3e1ee272-3228-4cf0-9d74-663527cef0ac,98.130.167.46,1676724607,1676730667
8ca0ae72-9543-42a9-899c-09de055ac63a,1d734b19-bdf8-45b2-93e9-b5321f5c7940,214.195.154.146,1670943814,1670952454
10922c5d-b85b-47bf-94a9-f41e38b9ae1e,b6273b76-69c8-4f1f-bdbe-82de27008cb3,192.140.101.45,1675928329,1675930609
b0b3b75f-6cc4-4b41-b7c4-364c78527637,1d734b19-bdf8-45b2-93e9-b5321f5c7940,172.31.181.18,1677212337,1677217197
03177ff5-3201-42a7-9193-c131c10677d8,1d734b19-bdf8-45b2-93e9-b5321f5c7940,106.243.94.107,1667240816,1667246396
4e07f65e-fcbb-4444-b9f8-902af7041425,1d734b19-bdf8-45b2-93e9-b5321f5c7940,35.133.181.177,1661704560,1661712840
7f4d7548-88aa-469a-8adf-d5fc82403e2b,3e1ee272-3228-4cf0-9d74-663527cef0ac,87.52.87.150,1663219260,1663222200
db0ca1ec-c9eb-4f30-9ecd-3db7d74cefc8,1d734b19-bdf8-45b2-93e9-b5321f5c7940,21.179.60.21,1658262359,1658268719
a8ed126d-902b-44f2-881e-53e283d2733b,3e1ee272-3228-4cf0-9d74-663527cef0ac,0.132.108.218,1660727970,1660731090
a8fc958b-09d7-47d2-b178-a387e9fce584,3e1ee272-3228-4cf0-9d74-663527cef0ac,6.148.232.200,1684205778,1684210218
e104d2b2-fba1-4db9-b548-c0c4cf8c98ee,b6273b76-69c8-4f1f-bdbe-82de27008cb3,240.101.13.180,1681866655,1681873315
e036a3f5-8f40-4f9b-a07f-a7f7847c54ee,3e1ee272-3228-4cf0-9d74-663527cef0ac,59.127.237.90,1668603742,1668611122
573e21c0-14ab-4057-890a-7cda1a0e61fd,b6273b76-69c8-4f1f-bdbe-82de27008cb3,203.175.234.134,1663203549,1663206609
3d1fe2f6-2a7e-43d2-aa9b-a3d863aed1fd,1d734b19-bdf8-45b2-93e9-b5321f5c7940,211.177.181.87,1682508676,1682514436
b94a280d-37ba-4190-a0a4-31fd13eb1c12,b6273b76-69c8-4f1f-bdbe-82de27008cb3,24.5.30.167,1685827297,1685832697
363b8968-296b-4f36-91c6-7c96d5a91f07,1d734b19-bdf8-45b2-93e9-b5321f5c7940,204.155.203.68,1666790827,1666797067
001d6152-2e11-4286-971d-890ad088ca91,3e1ee272-3228-4cf0-9d74-663527cef0ac,138.212.146.175,1677169484,1677173384
192a4371-80d4-4005-b5ac-ee097472a5cb,3e1ee272-3228-4cf0-9d74-663527cef0ac,141.159.34.200,1664281531,1664289211
e6aa86b5-b474-4603-99c0-9da2a2ec707a,1d734b19-bdf8-45b2-93e9-b5321f5c7940,105.140.228.121,1659457765,1659463525
5896f2ee-b3c8-4653-b9bc-37c17e9e24e9,3e1ee272-3228-4cf0-9d74-663527cef0ac,81.72.215.112,1666896104,1666898444
028bcd28-e23b-41f4-96ad-83171c807aa1,1d734b19-bdf8-45b2-93e9-b5321f5c7940,225.249.208.42,1676109678,1676118138
0e1a0233-c346-4b86-ba05-78971ea32c6d,1d734b19-bdf8-45b2-93e9-b5321f5c7940,10.57.19.232,1680821105,1680828905
07c3be2e-09eb-477b-885a-970a6243884e,1d734b19-bdf8-45b2-93e9-b5321f5c7940,43.152.97.246,1662391603,1662396283
8819ee63-c4f2-4c2a-8340-c459b5bee1f2,3e1ee272-3228-4cf0-9d74-663527cef0ac,146.218.154.102,1668417189,1668420009
3b90783a-9f0c-478c-91fb-4e955271d68c,b6273b76-69c8-4f1f-bdbe-82de27008cb3,46.78.106.41,1661439123,1661442723
22a8d520-f834-4394-8fab-540686812e35,1d734b19-bdf8-45b2-93e9-b5321f5c7940,129.198.198.49,1663814368,1663818628
512ea59c-e4d3-458f-8b6d-80ef2a89c609,3e1ee272-3228-4cf0-9d74-663527cef0ac,148.10.38.210,1677246401,1677247481
5b56ba70-fbe9-40a6-9577-266396d281b4,3e1ee272-3228-4cf0-9d74-663527cef0ac,3.73.110.66,1676051379,1676061459
f0f108ab-3594-498e-8ab3-82267c5ae5fe,b6273b76-69c8-4f1f-bdbe-82de27008cb3,183.165.1.96,1657507881,1657511841
7317dc51-866d-4c3c-9f2a-ee79c52d2379,1d734b19-bdf8-45b2-93e9-b5321f5c7940,15.162.31.109,1682875696,1682877436
3189b940-333d-46a5-9177-a621e17f8491,b6273b76-69c8-4f1f-bdbe-82de27008cb3,80.217.156.44,1671330389,1671336689
c057e83b-9d33-41ff-93a4-b0ee7489de49,3e1ee272-3228-4cf0-9d74-663527cef0ac,241.249.195.227,1680139766,1680141746
6fbfedaf-421c-4e57-a1e7-9910d5a073ea,b6273b76-69c8-4f1f-bdbe-82de27008cb3,19.127.235.115,1665943162,1665948022
1063a544-24e7-4a7c-8758-ee2cb4053dcb,3e1ee272-3228-4cf0-9d74-663527cef0ac,32.107.26.87,1684498116,1684504116
c82dc304-07df-407d-b434-5cc41a61e82b,3e1ee272-3228-4cf0-9d74-663527cef0ac,66.137.233.138,1662113317,1662120757
d94f1a00-6adc-44d9-b94a-4703ba01b0d5,1d734b19-bdf8-45b2-93e9-b5321f5c7940,5.33.26.89,1666467969,1666474449
fc15c782-66e2-4c75-8776-af787642ac57,3e1ee272-3228-4cf0-9d74-663527cef0ac,68.209.203.182,1672510361,1672511561
6241311b-edfe-4dc7-b182-86a2cc4b8581,3e1ee272-3228-4cf0-9d74-663527cef0ac,26.88.212.237,1668667429,1668677809
d6e3a773-a6a8-4fd3-a871-1000ecfbaed0,1d734b19-bdf8-45b2-93e9-b5321f5c7940,251.117.47.205,1675117615,1675118515
c4ddd66f-c10e-414c-872c-2a7129b6526d,1d734b19-bdf8-45b2-93e9-b5321f5c7940,118.246.128.239,1685348730,1685356650
4928fa58-92e2-4b9e-9c3e-600c1e7f33d7,3e1ee272-3228-4cf0-9d74-663527cef0ac,242.168.155.140,1678227532,1678228972
890d2dc8-0e53-4d97-8476-00d0cc5e1255,b6273b76-69c8-4f1f-bdbe-82de27008cb3,76.11.173.202,1666544174,1666549994
e5400e44-bba2-4ef9-861c-a8dd4bbe125a,1d734b19-bdf8-45b2-93e9-b5321f5c7940,176.85.198.252,1667983023,1667991003
f69b70eb-751a-475e-ad3c-84caee1ae1c4,b6273b76-69c8-4f1f-bdbe-82de27008cb3,124.35.237.102,1659074995,1659082555
3d5ad640-5f06-4af3-8c57-4db061075bff,3e1ee272-3228-4cf0-9d74-663527cef0ac,127.43.0.10,1663639293,1663640793
ecd6eddb-19ff-42be-a260-4c03ecd0b138,1d734b19-bdf8-45b2-93e9-b5321f5c7940,212.252.80.150,1659834572,1659841352
dc666d3e-b389-4aae-b592-1788db91b01c,3e1ee272-3228-4cf0-9d74-663527cef0ac,209.144.57.76,1669561824,1669571124
1ba3d70c-3a8b-463b-9a48-a2a8a66a747a,1d734b19-bdf8-45b2-93e9-b5321f5c7940,215.214.238.62,1676917164,1676921844
68746ae3-93f5-4f90-9f14-238fe28290d5,1d734b19-bdf8-45b2-93e9-b5321f5c7940,151.55.178.57,1662065974,1662067174
24976906-9d6d-4bbf-849f-53073a90264c,b6273b76-69c8-4f1f-bdbe-82de27008cb3,233.28.22.247,1674144692,1674151532
55037213-b635-4537-8451-62c5f4843bdd,1d734b19-bdf8-45b2-93e9-b5321f5c7940,98.106.166.33,1668191705,1668201065
7dca1800-e03e-451b-9fc6-94902b9732b3,1d734b19-bdf8-45b2-93e9-b5321f5c7940,254.198.128.28,1668660628,1668664408
9780c60c-c254-44a2-8199-cf354ba9a3b4,b6273b76-69c8-4f1f-bdbe-82de27008cb3,50.134.176.80,1664537764,1664542324
1a07b2e0-ae22-45b8-b02d-0197e41a6431,3e1ee272-3228-4cf0-9d74-663527cef0ac,142.245.33.36,1664593933,1664595913
8011047d-7e44-4d8e-8da8-d23b94c47f3e,1d734b19-bdf8-45b2-93e9-b5321f5c7940,179.104.128.67,1660090073,1660092293
b7acc2b5-3e4a-4a2d-aaef-5f1bc5ec3f82,b6273b76-69c8-4f1f-bdbe-82de27008cb3,93.173.82.134,1674571513,1674580333
83494555-e781-46b5-a098-fbd02ae127c3,b6273b76-69c8-4f1f-bdbe-82de27008cb3,77.119.132.131,1667393311,1667399731
572cc7a6-eef4-4cb5-aed7-3f247c17ee3f,1d734b19-bdf8-45b2-93e9-b5321f5c7940,70.93.37.103,1679487109,1679490889
dacc2ccb-fcd0-4b80-b129-a9006398a636,3e1ee272-3228-4cf0-9d74-663527cef0ac,179.39.194.6,1676906463,1676907963
1b02fd3c-ed88-408a-b983-2aae404940d6,3e1ee272-3228-4cf0-9d74-663527cef0ac,50.190.237.226,1665736655,1665743375
95ff48f9-5a31-4661-8e48-50356a291ac3,b6273b76-69c8-4f1f-bdbe-82de27008cb3,222.52.21.253,1684466514,1684473174
2800ecee-3bad-465a-8f93-507bd991cd21,b6273b76-69c8-4f1f-bdbe-82de27008cb3,26.52.235.12,1678681222,1678688182
77f7d113-3ca6-42da-818f-611c1823c816,3e1ee272-3228-4cf0-9d74-663527cef0ac,24.162.245.17,1679025768,1679031768
555292c5-7875-44b7-be24-b55fea8a1393,b6273b76-69c8-4f1f-bdbe-82de27008cb3,134.45.178.174,1667936565,1667944245
23df3daa-366f-461c-8481-aece608b760a,b6273b76-69c8-4f1f-bdbe-82de27008cb3,34.216.216.240,1664129149,1664134429
6fbdcbde-06e8-4d49-bdca-3b3a4c931672,3e1ee272-3228-4cf0-9d74-663527cef0ac,237.57.141.43,1671601932,1671606132
b633acdf-4914-436b-9102-00049b17c359,1d734b19-bdf8-45b2-93e9-b5321f5c7940,124.25.168.26,1683929070,1683937650
d2f3b538-0f1d-446a-bbd7-462b9ae623ce,1d734b19-bdf8-45b2-93e9-b5321f5c7940,80.33.183.206,1662686200,1662696220
12c4ffa9-74f2-4dae-bbb3-b3123a04bd0e,1d734b19-bdf8-45b2-93e9-b5321f5c7940,8.41.171.143,1685273173,1685282413
8d588024-012f-4ca1-b37f-246ab6ae3b1a,b6273b76-69c8-4f1f-bdbe-82de27008cb3,188.183.61.44,1664489747,1664495927
455104d7-183f-4c5c-8233-3f7141f5069c,b6273b76-69c8-4f1f-bdbe-82de27008cb3,213.154.84.191,1679331109,1679340229
0029467f-281b-4f3d-ae9a-4bb38e187edc,1d734b19-bdf8-45b2-93e9-b5321f5c7940,26.86.116.52,1672992878,1672998158
d118cde6-b4bb-4bc5-848a-026404ec091c,3e1ee272-3228-4cf0-9d74-663527cef0ac,119.193.59.254,1659453651,1659454611
5bd2f7fc-8683-4bc6-8a6b-756964a1da11,3e1ee272-3228-4cf0-9d74-663527cef0ac,36.227.241.106,1668595349,1668599069
7e3ef19b-ba8d-4397-8755-d6aecf643da7,b6273b76-69c8-4f1f-bdbe-82de27008cb3,134.215.77.16,1675053201,1675061781
a7b5baa4-2e01-4053-8b7f-89e5cbe8552a,3e1ee272-3228-4cf0-9d74-663527cef0ac,6.91.219.201,1674964825,1674966865
f2b7e30d-5a4d-41d4-bc22-065564454c6e,b6273b76-69c8-4f1f-bdbe-82de27008cb3,35.176.51.221,1657685013,1657689393
5fe80b92-e5f6-46b5-b7ee-09c47cced9c5,b6273b76-69c8-4f1f-bdbe-82de27008cb3,15.75.67.232,1676097668,1676100308
a8dd7a0e-bdb4-4534-a382-86f421212109,b6273b76-69c8-4f1f-bdbe-82de27008cb3,251.126.33.65,1675290026,1675297466
9862f822-f0a2-4ef7-931c-ec07729929f9,3e1ee272-3228-4cf0-9d74-663527cef0ac,179.164.181.207,1686115453,1686121873
4fc660d1-1f2e-4b61-a7a7-14071d2dfbc8,1d734b19-bdf8-45b2-93e9-b5321f5c7940,189.50.254.249,1659705875,1659713435
f27a313a-0487-412d-a004-840124fbf95a,3e1ee272-3228-4cf0-9d74-663527cef0ac,55.122.10.29,1658239370,1658243930
c7a7f1c6-bfea-4dd3-b3f5-4d31bcedeca0,b6273b76-69c8-4f1f-bdbe-82de27008cb3,200.168.203.213,1668233720,1668240320
48a02014-4849-4370-bba8-a4fe771d8fce,3e1ee272-3228-4cf0-9d74-663527cef0ac,213.100.170.48,1676594292,1676599092
b6ea062c-86a4-4f6d-85f4-17bee42e3770,b6273b76-69c8-4f1f-bdbe-82de27008cb3,136.94.108.241,1667391845,1667402525
10147818-99e5-4d06-8609-5912d2dbb04e,3e1ee272-3228-4cf0-9d74-663527cef0ac,171.247.74.28,1657190629,1657197469
69254d17-fb22-4404-8bc7-196d04ed396b,1d734b19-bdf8-45b2-93e9-b5321f5c7940,108.104.102.187,1661067949,1661073109
bf9c7247-94d9-480d-a817-956343a16749,3e1ee272-3228-4cf0-9d74-663527cef0ac,111.154.235.187,1672722006,1672727886
8a237b8b-d776-47ea-b375-6a3057e6acd7,1d734b19-bdf8-45b2-93e9-b5321f5c7940,123.88.151.97,1664504502,1664514882
9ecb1f0b-7308-466d-a996-274246cb9c67,b6273b76-69c8-4f1f-bdbe-82de27008cb3,156.221.59.167,1669428715,1669437655
a21461b3-26e7-4473-af2a-7cb531f537b8,3e1ee272-3228-4cf0-9d74-663527cef0ac,232.42.179.169,1681016295,1681018515
c51d86b6-8cea-4e97-9a5c-b7ff8973a96a,1d734b19-bdf8-45b2-93e9-b5321f5c7940,178.57.69.238,1656646935,1656656535
661a5fb4-203e-4fd8-ad50-deb174e424a7,3e1ee272-3228-4cf0-9d74-663527cef0ac,128.255.174.219,1679588901,1679593041
038735d6-388f-4a7b-9dc4-7095cd91dc72,3e1ee272-3228-4cf0-9d74-663527cef0ac,206.32.197.213,1671002633,1671010733
c393c7c5-2a41-4964-bd40-f4413a5117be,b6273b76-69c8-4f1f-bdbe-82de27008cb3,229.57.105.221,1674093889,1674098569
bd950877-f334-464c-a06a-bc55908db95a,b6273b76-69c8-4f1f-bdbe-82de27008cb3,93.181.28.246,1656162580,1656169360
851b6a30-4129-4ebc-a969-5efcf9d8e6b1,1d734b19-bdf8-45b2-93e9-b5321f5c7940,154.168.40.121,1667597973,1667601453
b332ee6a-2021-4838-9176-c3f0ae474741,1d734b19-bdf8-45b2-93e9-b5321f5c7940,203.240.115.241,1667574754,1667580334
8f5dbc6c-675f-4654-9088-6d72ebde70df,3e1ee272-3228-4cf0-9d74-663527cef0ac,131.143.81.145,1667576492,1667583212
56d10cb9-7c6a-4cfa-8f5c-ae2b1ee0294b,b6273b76-69c8-4f1f-bdbe-82de27008cb3,210.62.137.36,1670724736,1670727616
1f964df2-a1c2-4e13-8435-7b413708848d,1d734b19-bdf8-45b2-93e9-b5321f5c7940,233.107.82.236,1685812486,1685818906
904af800-da74-427f-91d4-bbe53575d1c8,3e1ee272-3228-4cf0-9d74-663527cef0ac,182.107.61.155,1686543930,1686549330
8d1779e3-1001-433e-8d6c-750a073558b8,b6273b76-69c8-4f1f-bdbe-82de27008cb3,216.60.26.109,1664597104,1664599324
398c2c0a-c528-4aaf-9897-596b5f9146e4,b6273b76-69c8-4f1f-bdbe-82de27008cb3,208.48.49.179,1683936173,1683940673
07bd0678-fa01-40c6-9939-d40a7b4ae451,b6273b76-69c8-4f1f-bdbe-82de27008cb3,191.109.216.80,1666682557,1666684417
796df2a1-d929-42c2-b7cb-5285f410593d,1d734b19-bdf8-45b2-93e9-b5321f5c7940,218.19.79.117,1661249983,1661251063
6442e32a-907e-4a65-811c-93d4882671f2,1d734b19-bdf8-45b2-93e9-b5321f5c7940,234.32.71.15,1666234839,1666243959
2cc7cee2-befd-42c5-b38b-15773d8c3372,b6273b76-69c8-4f1f-bdbe-82de27008cb3,20.75.167.135,1664006618,1664013338
b0b99826-2312-4eb0-bdc3-5eec386a627f,1d734b19-bdf8-45b2-93e9-b5321f5c7940,198.170.145.198,1682251477,1682256277
ffa8f97d-1283-4443-94be-b241715c0471,3e1ee272-3228-4cf0-9d74-663527cef0ac,1.19.71.181,1683654666,1683658926
530f712c-59bc-4c07-818c-7ae97ecd4a92,b6273b76-69c8-4f1f-bdbe-82de27008cb3,41.124.247.204,1680323045,1680327005
1948d582-3216-44fe-9af7-3352f101308b,3e1ee272-3228-4cf0-9d74-663527cef0ac,66.103.79.166,1673727674,1673738174
bb32e697-ceb3-4fa7-b3b7-c0d2d297c4e3,3e1ee272-3228-4cf0-9d74-663527cef0ac,146.106.10.121,1660566299,1660571579
af7459fe-cb0a-407b-92e1-016280e720aa,3e1ee272-3228-4cf0-9d74-663527cef0ac,141.108.63.181,1678871486,1678874486
d3aaf49a-0b9d-4fd3-a226-72d5413d1783,b6273b76-69c8-4f1f-bdbe-82de27008cb3,170.162.4.182,1680011779,1680018499
c9b01e10-9032-4236-87a9-3499ac40fce9,1d734b19-bdf8-45b2-93e9-b5321f5c7940,178.57.84.69,1659609889,1659620329
ccb93b81-9b1d-4ff9-8a0e-023e192e9b89,b6273b76-69c8-4f1f-bdbe-82de27008cb3,107.0.103.26,1658803984,1658805544
5d25fb4b-40d0-411e-a7de-1745adbef3a2,3e1ee272-3228-4cf0-9d74-663527cef0ac,163.63.57.181,1666124946,1666128246
7d3fcb0c-7298-4f0f-ba31-ab0c8c99fcbe,1d734b19-bdf8-45b2-93e9-b5321f5c7940,129.153.32.205,1657723988,1657734668
81b6f95c-79c0-47a1-8735-cbcfbcd5470c,b6273b76-69c8-4f1f-bdbe-82de27008cb3,192.22.188.221,1664370534,1664373294
593cf7eb-5bb0-480a-a0ae-70168f11290d,b6273b76-69c8-4f1f-bdbe-82de27008cb3,37.214.253.156,1686297348,1686300048
feca98e0-0bba-4c85-9009-c10926109cf1,b6273b76-69c8-4f1f-bdbe-82de27008cb3,242.13.205.38,1656038843,1656049583
42428549-5751-4260-a944-1b1c1c232bf0,1d734b19-bdf8-45b2-93e9-b5321f5c7940,29.188.155.214,1663704936,1663708296
3f098277-c930-4312-b71b-832f3fbf6d2b,1d734b19-bdf8-45b2-93e9-b5321f5c7940,163.75.20.132,1657258747,1657259887
16630bce-6f0c-4177-a1f4-2dbff9282b50,3e1ee272-3228-4cf0-9d74-663527cef0ac,203.30.110.55,1683511315,1683512275
bca14394-575c-4215-b12c-49971c330b46,b6273b76-69c8-4f1f-bdbe-82de27008cb3,194.102.19.106,1682828578,1682831158
fb9511c6-55f9-4cb7-a2b9-c980dfeb93ae,b6273b76-69c8-4f1f-bdbe-82de27008cb3,21.58.202.66,1661228796,1661236056
c53627f0-f3bd-44b9-897d-685becf8acbd,3e1ee272-3228-4cf0-9d74-663527cef0ac,192.216.50.72,1680595830,1680605250
96f14c2a-5bd4-474a-b3da-a1ea4d78d1bc,1d734b19-bdf8-45b2-93e9-b5321f5c7940,232.97.147.214,1680456098,1680459278
5469b71c-5261-4b7e-844c-0bc4a1cb37eb,3e1ee272-3228-4cf0-9d74-663527cef0ac,193.71.112.157,1666414642,1666420462
be680a77-1a7c-42fd-8f9d-f5d8a12e79cf,1d734b19-bdf8-45b2-93e9-b5321f5c7940,6.158.204.63,1667414571,1667422251
75526186-4497-4f0d-8c89-edc87d9ec1e7,b6273b76-69c8-4f1f-bdbe-82de27008cb3,157.94.212.210,1675569431,1675572131
74201add-08c4-4987-b7a4-fd72f088c2a1,1d734b19-bdf8-45b2-93e9-b5321f5c7940,206.15.157.83,1679231039,1679240579
6c1c38d4-b54c-47db-98ff-89a0b577356f,3e1ee272-3228-4cf0-9d74-663527cef0ac,21.211.149.159,1672682209,1672690369
ff7321e1-f5ff-4158-a90d-d7cabd38b1a8,b6273b76-69c8-4f1f-bdbe-82de27008cb3,232.242.245.193,1670751976,1670754376
e518472a-9bff-4cb1-9e0b-23f8ba9dfff6,3e1ee272-3228-4cf0-9d74-663527cef0ac,11.195.66.87,1671421976,1671423596
566dada5-8338-4e64-a33c-0e00963616c0,3e1ee272-3228-4cf0-9d74-663527cef0ac,209.134.55.30,1671674844,1671684744
2049b4de-3e29-4847-8ac9-e9dca6792161,b6273b76-69c8-4f1f-bdbe-82de27008cb3,54.151.180.74,1661064326,1661074946
c1592c2d-edbc-4ee2-b83e-c3b68f88e9c1,1d734b19-bdf8-45b2-93e9-b5321f5c7940,106.141.181.183,1671548952,1671556092
5ab24345-fd1f-4aec-98b3-a969afe0da44,b6273b76-69c8-4f1f-bdbe-82de27008cb3,89.255.9.204,1685823487,1685833567
55dd19c9-9e4b-4da6-a424-cb9e76f460fe,b6273b76-69c8-4f1f-bdbe-82de27008cb3,24.188.211.128,1666232928,1666234428
d2b74dc5-2c00-4ba1-ad2b-4ee11c44fc80,1d734b19-bdf8-45b2-93e9-b5321f5c7940,155.204.54.63,1669393081,1669394401
48eecc4c-09e0-423b-bcdc-22d12d604657,1d734b19-bdf8-45b2-93e9-b5321f5c7940,173.36.7.181,1684895601,1684906041
3941318d-21c2-410e-b84d-beca5aa3c722,3e1ee272-3228-4cf0-9d74-663527cef0ac,80.47.62.242,1668348008,1668357668
1661d598-9ac0-42e2-a074-697a8b42c104,3e1ee272-3228-4cf0-9d74-663527cef0ac,222.125.5.62,1686869868,1686873828
c911f117-559b-4190-8e10-921a4281cfde,1d734b19-bdf8-45b2-93e9-b5321f5c7940,34.65.74.84,1666724512,1666729492
1b2fbfce-7340-405f-a7d3-88c795ad9721,b6273b76-69c8-4f1f-bdbe-82de27008cb3,32.12.36.174,1671532038,1671536538
3c94a7eb-e039-4bb7-b223-a336ca581a13,1d734b19-bdf8-45b2-93e9-b5321f5c7940,155.124.88.238,1666019746,1666029646
c37215a2-8bb5-4c52-9619-71dcde341431,1d734b19-bdf8-45b2-93e9-b5321f5c7940,69.1.235.171,1673712471,1673719611
4f0d1395-84a8-4481-af54-5102e7ab6955,1d734b19-bdf8-45b2-93e9-b5321f5c7940,141.141.235.160,1666825154,1666827254
e5b6f545-6ed1-4c6e-84fe-66d76d69713b,1d734b19-bdf8-45b2-93e9-b5321f5c7940,142.220.188.145,1663830366,1663840086
5a105c73-8790-4672-a618-71566b5d4242,1d734b19-bdf8-45b2-93e9-b5321f5c7940,8.195.221.252,1680499490,1680504590
c41aed6b-4c0e-465b-bb5d-a14e752fa9fd,b6273b76-69c8-4f1f-bdbe-82de27008cb3,196.249.227.234,1681439931,1681448871
2c693451-15d6-4d22-bc32-3ceaa24d24ab,1d734b19-bdf8-45b2-93e9-b5321f5c7940,49.94.138.192,1673038450,1673048350
9a347171-c59c-4c5d-a645-63b22209e37a,b6273b76-69c8-4f1f-bdbe-82de27008cb3,225.99.14.232,1671843883,1671851743
2f38e242-56dc-4fe1-9a9f-a728651aa7f9,3e1ee272-3228-4cf0-9d74-663527cef0ac,57.240.197.206,1671840155,1671850535
b39704ba-a921-4d4e-91bb-12bb8c91c2f7,3e1ee272-3228-4cf0-9d74-663527cef0ac,177.190.207.91,1677472101,1677478341
61393b4d-178d-435c-b831-5dfaab1fb3b9,3e1ee272-3228-4cf0-9d74-663527cef0ac,65.168.24.13,1673885448,1673891988
1a339f04-55e3-486e-a751-e1ef02a2b3f3,b6273b76-69c8-4f1f-bdbe-82de27008cb3,45.24.194.73,1668675085,1668676585
dddb9a38-afe4-4978-9287-12e716a9a3fe,b6273b76-69c8-4f1f-bdbe-82de27008cb3,114.71.8.155,1663057861,1663061221
07b51de0-7c68-4d2f-8592-f0a7b7b600c9,b6273b76-69c8-4f1f-bdbe-82de27008cb3,139.11.221.10,1657958507,1657968467
1e618e1e-3fd7-4644-b55f-137131dd21ad,1d734b19-bdf8-45b2-93e9-b5321f5c7940,54.95.223.199,1672568746,1672579486
b099237f-ec9c-4a23-9a92-00b72a2a26ea,1d734b19-bdf8-45b2-93e9-b5321f5c7940,22.159.211.203,1676597851,1676604091
2dfbb483-420e-4fdd-9f2b-3511f2cd7885,1d734b19-bdf8-45b2-93e9-b5321f5c7940,159.67.62.94,1670943970,1670953330
2ec52cc4-9d17-463f-85b5-bf83a26db43d,3e1ee272-3228-4cf0-9d74-663527cef0ac,115.175.233.20,1679935183,1679941483
43b40e16-0b9a-4fea-88bb-b8b5b3dbc6bf,1d734b19-bdf8-45b2-93e9-b5321f5c7940,111.172.87.93,1658562102,1658571702
23d72860-6f42-4162-985a-f20adb3ed63a,3e1ee272-3228-4cf0-9d74-663527cef0ac,224.55.106.157,1665611907,1665614787
011c49f0-c6ed-46f4-b10c-2ff4fdb866ab,3e1ee272-3228-4cf0-9d74-663527cef0ac,75.118.238.144,1678691861,1678700261
e18cf996-6bb5-44e4-915f-80029632c86d,3e1ee272-3228-4cf0-9d74-663527cef0ac,128.105.120.170,1681819280,1681826600
7c0537b1-2dd0-41c7-8c4b-84885509dfe6,1d734b19-bdf8-45b2-93e9-b5321f5c7940,226.74.113.251,1680175469,1680182009
