8a25db74-335b-4086-a48a-d06b1ccc0406,b6273b76-69c8-4f1f-bdbe-82de27008cb3,5,1685228684000
89f33dd3-a065-4d72-9c31-5e3dcd4910eb,1d734b19-bdf8-45b2-93e9-b5321f5c7940,3,1674661472000
bcc8c104-9db3-465e-9bf4-edd3fd26c010,b6273b76-69c8-4f1f-bdbe-82de27008cb3,5,1682933967000
0be62f04-073e-43d6-b1ce-934b41987d20,1d734b19-bdf8-45b2-93e9-b5321f5c7940,4,1675004760000
9ef0458b-0dc3-4a72-899b-d4a8bd3bdc09,1d734b19-bdf8-45b2-93e9-b5321f5c7940,2,1683883141000
1e921976-ddb9-423b-8f2f-44fc9230190b,3e1ee272-3228-4cf0-9d74-663527cef0ac,5,1676358386000
cce0d83e-5f74-4cde-b5fa-41f1a64c43e3,3e1ee272-3228-4cf0-9d74-663527cef0ac,1,1681072868000
73a94947-7b45-49f1-b96f-e769a4e3b1f5,1d734b19-bdf8-45b2-93e9-b5321f5c7940,1,1673135997000
738f1f9a-0afe-486b-87c8-adeb85219946,1d734b19-bdf8-45b2-93e9-b5321f5c7940,2,1682998622000
a1f157a3-3172-4251-92c4-39f2d64c13e6,b6273b76-69c8-4f1f-bdbe-82de27008cb3,2,1675510027000
30f96da7-88cb-49fe-a8f1-2f57b4299633,b6273b76-69c8-4f1f-bdbe-82de27008cb3,3,1672654067000
71ea17ea-8c90-4714-b3e6-011189b33060,1d734b19-bdf8-45b2-93e9-b5321f5c7940,5,1682272960000
12f46180-92f0-4ff6-b226-2ee3d4e386c5,b6273b76-69c8-4f1f-bdbe-82de27008cb3,2,1686528931000
a6c251f3-19de-451f-ac75-76c730abbe90,3e1ee272-3228-4cf0-9d74-663527cef0ac,2,1686359932000
ac8fc271-4e7b-4fa4-8db6-aeb44ee5eee2,b6273b76-69c8-4f1f-bdbe-82de27008cb3,6,1678122455000
afd203bc-d104-4d83-a50e-1e6a47323555,1d734b19-bdf8-45b2-93e9-b5321f5c7940,2,1677478801000
bcc2d55f-ae40-4ba2-8d0d-8f37775d84d7,b6273b76-69c8-4f1f-bdbe-82de27008cb3,2,1673279050000
af420d1c-bda0-4de5-9851-3b7839325c5a,b6273b76-69c8-4f1f-bdbe-82de27008cb3,6,1681072643000
082d4ffb-706f-4f3a-8f39-07727ec7361c,b6273b76-69c8-4f1f-bdbe-82de27008cb3,2,1678589613000
9d2ef631-19bf-4a9a-82aa-6816168af095,1d734b19-bdf8-45b2-93e9-b5321f5c7940,3,1679231364000
a1bc44be-df11-4b0d-baa8-d9796192cfab,3e1ee272-3228-4cf0-9d74-663527cef0ac,5,1683215191000
cdadb492-a5a0-4e17-aafc-235da4ce8b79,3e1ee272-3228-4cf0-9d74-663527cef0ac,6,1684897656000
3c780efb-603d-4600-a3d7-f4e41962fc6a,b6273b76-69c8-4f1f-bdbe-82de27008cb3,5,1683960020000
a291c514-2118-4394-8399-2a1996d590c6,b6273b76-69c8-4f1f-bdbe-82de27008cb3,3,1675356374000
9c7d2ae0-f241-4d7c-9b9e-98a38b224ca4,1d734b19-bdf8-45b2-93e9-b5321f5c7940,3,1675597954000
5f0a43d6-f7e1-453e-9ece-03a2df9f822f,1d734b19-bdf8-45b2-93e9-b5321f5c7940,3,1674783234000
5b38eb2c-7533-423c-b0cf-668435a963ca,3e1ee272-3228-4cf0-9d74-663527cef0ac,3,1674207180000
fa091117-930b-4e67-8e65-f28584f0a33a,b6273b76-69c8-4f1f-bdbe-82de27008cb3,5,1685800321000
ec0cfa24-9131-408e-be6c-4bdb424c9e25,b6273b76-69c8-4f1f-bdbe-82de27008cb3,4,1682084148000
202e1780-f08c-4dff-9b22-cafb34c9b61a,b6273b76-69c8-4f1f-bdbe-82de27008cb3,6,1681400168000
1871a42c-dbc8-4642-8661-96bb2836868a,3e1ee272-3228-4cf0-9d74-663527cef0ac,5,1673577210000
2ece53c8-6176-458d-b153-050d7d33fbc9,1d734b19-bdf8-45b2-93e9-b5321f5c7940,3,1686022180000
1cea2976-9f83-4980-80b7-bef50c36642b,1d734b19-bdf8-45b2-93e9-b5321f5c7940,5,1684598324000
49571b88-8f61-4fd7-91c2-a212937cfda4,1d734b19-bdf8-45b2-93e9-b5321f5c7940,3,1675140640000
8e7dbef0-3fa7-4e26-a9ae-ac1b91d82d13,b6273b76-69c8-4f1f-bdbe-82de27008cb3,3,1672641489000
91b27100-6c69-4f9a-8ea3-7e4a3ebfc3f7,3e1ee272-3228-4cf0-9d74-663527cef0ac,4,1684588254000
00dd8454-295f-4911-92e1-e03ab2d8478f,1d734b19-bdf8-45b2-93e9-b5321f5c7940,4,1677913786000
23f79c75-420d-4dd5-8246-bc17b3929253,3e1ee272-3228-4cf0-9d74-663527cef0ac,6,1674418524000
6cc1eb1b-3f8d-439c-88ec-64d453b24229,b6273b76-69c8-4f1f-bdbe-82de27008cb3,1,1674181440000
ea46b11c-c935-40da-b372-cdf93a7b1d3b,b6273b76-69c8-4f1f-bdbe-82de27008cb3,4,1679363998000
41d7f7a2-07ec-4b80-8112-22e029491cd8,b6273b76-69c8-4f1f-bdbe-82de27008cb3,6,1676869510000
76bf1037-6c30-4fe2-a38a-76cca0e5c9db,3e1ee272-3228-4cf0-9d74-663527cef0ac,2,1675915480000
634d2129-765e-40a9-8346-ee95d6114082,3e1ee272-3228-4cf0-9d74-663527cef0ac,2,1672927946000
78ccbc40-0cca-4e05-baa9-5c2e302de1a5,3e1ee272-3228-4cf0-9d74-663527cef0ac,1,1682608744000
1541b3cc-2446-4819-bc28-5d1607afed9f,b6273b76-69c8-4f1f-bdbe-82de27008cb3,5,1681886930000
91290d96-2d68-477f-a67d-6e525c95a914,b6273b76-69c8-4f1f-bdbe-82de27008cb3,1,1673584124000
245d5773-2101-4fd1-8cc7-6d518825d57e,3e1ee272-3228-4cf0-9d74-663527cef0ac,1,1686010634000
4c83c51c-b2cc-40d5-9daf-c8d07f7e5c89,b6273b76-69c8-4f1f-bdbe-82de27008cb3,3,1674839680000
2b3d9bb4-4529-47cb-a8e9-76569754953f,3e1ee272-3228-4cf0-9d74-663527cef0ac,3,1675130532000
a80f1081-c2fc-436e-a1ea-44c212405413,1d734b19-bdf8-45b2-93e9-b5321f5c7940,5,1684580241000
f5c29d57-9968-4a54-bef0-cb1f573f0f78,1d734b19-bdf8-45b2-93e9-b5321f5c7940,6,1685178286000
0ad5d2e7-9abf-46d0-aa9b-ef590a37a634,b6273b76-69c8-4f1f-bdbe-82de27008cb3,3,1675374680000
d7103af9-c6ca-42a0-b9c3-d039c3b9bf20,3e1ee272-3228-4cf0-9d74-663527cef0ac,1,1675029841000
fc7e5946-8152-473d-9dd3-4a1e315634e9,3e1ee272-3228-4cf0-9d74-663527cef0ac,6,1675065076000
6d238b3d-e508-4e35-9a0a-d8beb305c55e,1d734b19-bdf8-45b2-93e9-b5321f5c7940,2,1674845925000
943aa0ed-0975-49a1-914a-2052a61d1a79,1d734b19-bdf8-45b2-93e9-b5321f5c7940,1,1679951597000
a8261242-73fb-4455-b11a-2b51741a7395,3e1ee272-3228-4cf0-9d74-663527cef0ac,1,1676750614000
1aada6af-10e1-4854-902f-b61985b88be2,b6273b76-69c8-4f1f-bdbe-82de27008cb3,5,1672747996000
f8a01703-76be-4f89-9f6a-360e42115061,3e1ee272-3228-4cf0-9d74-663527cef0ac,4,1682749310000
442253bf-efab-4fcb-ba8d-de2602ba2ff3,b6273b76-69c8-4f1f-bdbe-82de27008cb3,3,1681237460000
d171bbf6-67c2-4288-9ff1-05254d9885d9,3e1ee272-3228-4cf0-9d74-663527cef0ac,6,1673359638000
c1552886-5944-41ea-b9e1-168b8d1815a8,b6273b76-69c8-4f1f-bdbe-82de27008cb3,4,1673143922000
0a564353-74ab-4735-af24-c1d019ee3a69,1d734b19-bdf8-45b2-93e9-b5321f5c7940,5,1674576203000
4db1cc00-672c-4d78-b39e-726c975236ab,b6273b76-69c8-4f1f-bdbe-82de27008cb3,1,1674497854000
e4d4ef0e-d3e0-4a4f-af9b-aeba2c3af9ab,b6273b76-69c8-4f1f-bdbe-82de27008cb3,1,1676114744000
3fb9d40d-cf35-4ce4-b195-f54ec8f082c0,1d734b19-bdf8-45b2-93e9-b5321f5c7940,1,1680646071000
15d7f2b9-0922-4033-9c8e-f8c173f82b01,1d734b19-bdf8-45b2-93e9-b5321f5c7940,2,1679915992000
ed792f52-74d4-4a31-8ee8-2fd5464e558f,3e1ee272-3228-4cf0-9d74-663527cef0ac,1,1679433523000
1bf4dc3e-63b1-4e3d-beca-947c8dc6dcea,b6273b76-69c8-4f1f-bdbe-82de27008cb3,1,1680458026000
293505f9-423b-4daf-aec9-4a1bbd999464,1d734b19-bdf8-45b2-93e9-b5321f5c7940,5,1680024923000
a927671e-290f-4868-9910-2fd7adc9c6ce,b6273b76-69c8-4f1f-bdbe-82de27008cb3,5,1677100902000
49fa9f49-8aa0-41c6-8964-bb147aa7f253,1d734b19-bdf8-45b2-93e9-b5321f5c7940,1,1676035854000
df37ea8a-3735-41b5-bd25-91dfc3c3155b,b6273b76-69c8-4f1f-bdbe-82de27008cb3,1,1675556580000
4ea9dfb3-2ca1-4e0b-8f38-7d1bf4885a53,1d734b19-bdf8-45b2-93e9-b5321f5c7940,2,1685449160000
0601a067-a918-429f-ac51-a50640506ceb,1d734b19-bdf8-45b2-93e9-b5321f5c7940,5,1678702736000
86e1e6cd-c5ac-4a1d-b023-c2ce240b9704,b6273b76-69c8-4f1f-bdbe-82de27008cb3,6,1683496523000
0d251701-f860-4e53-ad13-acb57a89be87,3e1ee272-3228-4cf0-9d74-663527cef0ac,2,1677474670000
64c542bd-5568-43bb-b771-526b4669115f,1d734b19-bdf8-45b2-93e9-b5321f5c7940,3,1686115506000
dacb0414-5cdf-44b6-8cfe-13838e61a343,3e1ee272-3228-4cf0-9d74-663527cef0ac,4,1676070870000
676c1be8-2693-448d-9eb9-aee534c9ace9,1d734b19-bdf8-45b2-93e9-b5321f5c7940,3,1676505984000
24b4a0be-5489-4492-9d5d-c413698fcc72,1d734b19-bdf8-45b2-93e9-b5321f5c7940,3,1677878065000
09421435-3494-4faf-b763-5b83c4cc27f3,3e1ee272-3228-4cf0-9d74-663527cef0ac,5,1682826598000
fd99306a-976b-48b6-aa81-392c5bccabaa,b6273b76-69c8-4f1f-bdbe-82de27008cb3,5,1681425627000
1bc9359a-3874-40c5-95d8-62bbff033d86,b6273b76-69c8-4f1f-bdbe-82de27008cb3,2,1684367858000
c5c1b50d-74c8-46d0-985c-d1164c3a94dd,3e1ee272-3228-4cf0-9d74-663527cef0ac,4,1681927235000
d5fa8cfe-60f9-4a52-b510-f519099c6eed,b6273b76-69c8-4f1f-bdbe-82de27008cb3,1,1679510301000
569fb546-3fc0-4a56-af0c-7db562b84095,3e1ee272-3228-4cf0-9d74-663527cef0ac,5,1686627955000
990664c0-9a31-46f0-8f46-a1811515e488,3e1ee272-3228-4cf0-9d74-663527cef0ac,2,1672601006000
495242c5-bae2-4054-9715-77ef57d9de5e,1d734b19-bdf8-45b2-93e9-b5321f5c7940,4,1673211608000
151ceec1-bf93-4c0f-8354-7d60d60cad0c,3e1ee272-3228-4cf0-9d74-663527cef0ac,2,1674674660000
ec8d614e-8825-43e8-9c4f-c956c331afe0,3e1ee272-3228-4cf0-9d74-663527cef0ac,6,1680073841000
18d345dd-7d25-49a8-86b0-40620e126650,1d734b19-bdf8-45b2-93e9-b5321f5c7940,6,1686604722000
e344272f-ed45-441b-ac56-15c53d01731e,1d734b19-bdf8-45b2-93e9-b5321f5c7940,5,1682036743000
db7f1a7c-0cd2-4369-ad74-381de2cd3e90,1d734b19-bdf8-45b2-93e9-b5321f5c7940,6,1677486784000
ceb54c3f-bdea-4d29-93a2-fd0b4ffa0465,3e1ee272-3228-4cf0-9d74-663527cef0ac,4,1680333822000
0dda49bf-55da-4a92-be24-c0e89096e854,1d734b19-bdf8-45b2-93e9-b5321f5c7940,1,1681465903000
9375038d-395b-4b7b-87f2-70c501180968,b6273b76-69c8-4f1f-bdbe-82de27008cb3,1,1683972770000
be8d17e2-5b54-40fa-a70f-0fc91e7c99ce,1d734b19-bdf8-45b2-93e9-b5321f5c7940,2,1685146904000
466ab891-de4d-46e5-ba61-179e2c364664,b6273b76-69c8-4f1f-bdbe-82de27008cb3,1,1681098381000
1a1ebade-941a-429f-a366-9776d8d52b0f,b6273b76-69c8-4f1f-bdbe-82de27008cb3,5,1680464883000
8701c75f-606e-4a1b-8e19-bedb282fbc29,1d734b19-bdf8-45b2-93e9-b5321f5c7940,1,1682368928000
3b78d45c-21bf-4dff-be8d-c87bb8474015,3e1ee272-3228-4cf0-9d74-663527cef0ac,6,1677274764000
bf7c3cc9-c8eb-4512-94e0-e6372daf086a,3e1ee272-3228-4cf0-9d74-663527cef0ac,2,1680434329000
1ddbfbd8-4db1-4a1f-a2eb-bd74a07d36a2,b6273b76-69c8-4f1f-bdbe-82de27008cb3,3,1684325167000
83a85ae3-c2cd-4aeb-9fc9-4736a1d1c65f,b6273b76-69c8-4f1f-bdbe-82de27008cb3,5,1679213747000
2474b279-765a-4eda-bea5-0e3abce884eb,3e1ee272-3228-4cf0-9d74-663527cef0ac,6,1685318188000
2d6da1a2-eecb-4979-8cbe-004d0152e4c1,3e1ee272-3228-4cf0-9d74-663527cef0ac,5,1677129329000
bad699a1-c355-4626-9a38-e9d8244a88dc,1d734b19-bdf8-45b2-93e9-b5321f5c7940,5,1673722116000
6c41cced-7eec-4d8b-ba60-20aff54ac6ee,3e1ee272-3228-4cf0-9d74-663527cef0ac,1,1673060574000
78c4b3c6-933a-4528-bcfe-cfbb8648234c,1d734b19-bdf8-45b2-93e9-b5321f5c7940,6,1680024503000
635c103b-22c3-4a25-9943-b507a909ee2c,1d734b19-bdf8-45b2-93e9-b5321f5c7940,6,1673851722000
f0cdb513-b544-4376-824b-5aaed9f2d774,b6273b76-69c8-4f1f-bdbe-82de27008cb3,4,1682877215000
6b073db2-1cbc-42e4-8c96-26a15ff02f0d,b6273b76-69c8-4f1f-bdbe-82de27008cb3,4,1684008780000
aad46bdd-c2a1-4d21-a86f-06c8598a0619,3e1ee272-3228-4cf0-9d74-663527cef0ac,1,1686154167000
b54c4939-b4eb-44c3-80e0-04a961dfe293,b6273b76-69c8-4f1f-bdbe-82de27008cb3,6,1679805402000
417ebff4-300e-4fd7-a299-66688fbef459,b6273b76-69c8-4f1f-bdbe-82de27008cb3,2,1686478776000
6a1003c4-dc69-4641-96a2-935a145a7b73,b6273b76-69c8-4f1f-bdbe-82de27008cb3,2,1685217178000
f70399ae-c2cf-45e3-97f5-7418766be6fc,3e1ee272-3228-4cf0-9d74-663527cef0ac,2,1685014688000
655ea9ba-9c79-45ae-9f7b-4006f288916f,b6273b76-69c8-4f1f-bdbe-82de27008cb3,6,1674690983000
721eaf70-1050-4fdc-8a1d-7f7bf4bc4e09,3e1ee272-3228-4cf0-9d74-663527cef0ac,2,1684202243000
13133cf8-1a53-4b35-91dc-925c4fff0d42,1d734b19-bdf8-45b2-93e9-b5321f5c7940,2,1677964779000
a8b5253c-6fdd-4e21-b685-9df0c4bf7d25,3e1ee272-3228-4cf0-9d74-663527cef0ac,6,1673690582000
2e702b19-ffa5-465d-a6f9-69c5ea2b1424,b6273b76-69c8-4f1f-bdbe-82de27008cb3,2,1674374048000
8f5057e1-77c1-4ce5-bb1e-2f77596e8c8b,b6273b76-69c8-4f1f-bdbe-82de27008cb3,2,1675888972000
75cc0a53-e3dc-4fe2-a90d-3abeafda053b,1d734b19-bdf8-45b2-93e9-b5321f5c7940,3,1686847531000
981bddb0-37a6-4fa8-9b5a-9aae4aac10da,1d734b19-bdf8-45b2-93e9-b5321f5c7940,1,1679470274000
40d2b831-8414-473f-920e-f44d95c10942,3e1ee272-3228-4cf0-9d74-663527cef0ac,5,1675607350000
b4567cfe-efb0-45e1-a154-bafb14f3c539,1d734b19-bdf8-45b2-93e9-b5321f5c7940,5,1679818233000
152e57c5-37e8-4a96-8fbb-b44aef80909d,b6273b76-69c8-4f1f-bdbe-82de27008cb3,1,1683398003000
4f096546-70d2-4f1c-a144-5fcb7bfe80a1,1d734b19-bdf8-45b2-93e9-b5321f5c7940,4,1675654131000
9ea4b82c-e417-4f95-8d55-d06b54ec3f8a,1d734b19-bdf8-45b2-93e9-b5321f5c7940,3,1675022062000
cee2aec8-dc36-4894-a43c-4e6eb24d1823,1d734b19-bdf8-45b2-93e9-b5321f5c7940,3,1679129328000
87a13a02-a111-407e-adf1-ae1593ce01bf,3e1ee272-3228-4cf0-9d74-663527cef0ac,3,1678518078000
59497a9b-92f1-4233-b818-957ed76a856b,b6273b76-69c8-4f1f-bdbe-82de27008cb3,3,1678203781000
19d3d92c-7a1e-43fe-9e1c-f9386164f1b3,b6273b76-69c8-4f1f-bdbe-82de27008cb3,4,1681182515000
1805fb12-ae5f-4480-a101-87b2f6aef5d3,1d734b19-bdf8-45b2-93e9-b5321f5c7940,6,1674629232000
2f7d3d3f-457d-44b8-96c2-ae1ccb90467d,1d734b19-bdf8-45b2-93e9-b5321f5c7940,3,1683195272000
fbf20d1e-d07b-46a7-92e4-bab4130db862,1d734b19-bdf8-45b2-93e9-b5321f5c7940,4,1683298801000
baa38ddc-ce2b-4694-8459-36046188c2a5,1d734b19-bdf8-45b2-93e9-b5321f5c7940,1,1675293299000
961ff8d1-2c59-4017-bb6d-96346c67f230,3e1ee272-3228-4cf0-9d74-663527cef0ac,4,1673898501000
d11dc463-0de9-48f1-9f76-693026b69c13,1d734b19-bdf8-45b2-93e9-b5321f5c7940,5,1679708383000
a3ee8caf-3b0e-4cfb-95bb-e86764b3427c,b6273b76-69c8-4f1f-bdbe-82de27008cb3,3,1674676004000
8892b856-5d4b-4065-b9c8-913cc5b6c63a,1d734b19-bdf8-45b2-93e9-b5321f5c7940,1,1678013206000
ce6c1906-0ed0-4bb3-9d87-9b155cfa4b12,1d734b19-bdf8-45b2-93e9-b5321f5c7940,6,1677579577000
e3b07f31-7bc5-44d0-be25-ca656469fd4c,3e1ee272-3228-4cf0-9d74-663527cef0ac,2,1685746378000
abf5b457-4982-45be-a9c3-283f68ff6a79,1d734b19-bdf8-45b2-93e9-b5321f5c7940,6,1680346520000
50e3972c-e57e-47a6-9910-03837335b8be,3e1ee272-3228-4cf0-9d74-663527cef0ac,6,1674502040000
de0419f9-8ac6-4216-a800-408f1a03c220,1d734b19-bdf8-45b2-93e9-b5321f5c7940,1,1677498558000
e2829cb0-6503-41fd-84a1-243b85f33586,1d734b19-bdf8-45b2-93e9-b5321f5c7940,5,1674638762000
82e982d6-1349-4c57-ac70-fd5f7c755bba,b6273b76-69c8-4f1f-bdbe-82de27008cb3,2,1677137293000
6b6435f4-af12-4394-b730-2b71004a8da1,b6273b76-69c8-4f1f-bdbe-82de27008cb3,5,1683456794000
942c3e9f-cc80-4b3e-8cd0-d1e7a46af27e,3e1ee272-3228-4cf0-9d74-663527cef0ac,4,1681578991000
81c9a321-89d0-412b-a44e-52766181f636,b6273b76-69c8-4f1f-bdbe-82de27008cb3,2,1682570411000
70db8159-8f16-4dc0-ba28-58206ac8f8e0,3e1ee272-3228-4cf0-9d74-663527cef0ac,3,1680067629000
e6787552-3603-4cde-9e7b-bd06c9bcb0d8,b6273b76-69c8-4f1f-bdbe-82de27008cb3,5,1681149710000
87de5933-bc2f-46b7-98c5-6b43284b391b,3e1ee272-3228-4cf0-9d74-663527cef0ac,1,1679575740000
1c9d44e2-7bd0-4465-8234-cc94b3619b34,b6273b76-69c8-4f1f-bdbe-82de27008cb3,2,1673758442000
fb2f991b-836e-4529-96d7-636b48d5f221,1d734b19-bdf8-45b2-93e9-b5321f5c7940,2,1679266139000
d252afef-860e-4677-91fe-5911d02cf801,b6273b76-69c8-4f1f-bdbe-82de27008cb3,1,1678437992000
8237228c-2de7-4325-a2bc-fc31d58f46af,1d734b19-bdf8-45b2-93e9-b5321f5c7940,6,1685114158000
975c64db-2cae-405f-9577-23741e5ac53b,b6273b76-69c8-4f1f-bdbe-82de27008cb3,2,1685494659000
6db7972b-6268-4116-95c2-d2838d5409fc,b6273b76-69c8-4f1f-bdbe-82de27008cb3,5,1676092772000
6990cf29-3656-4ed9-98ea-91c16be26a64,1d734b19-bdf8-45b2-93e9-b5321f5c7940,3,1686571094000
7c5d7af2-4e1e-447d-a1bf-eab3af0537d9,1d734b19-bdf8-45b2-93e9-b5321f5c7940,3,1685141078000
2d5d6f1e-01f5-4189-badb-103a4771d9f6,1d734b19-bdf8-45b2-93e9-b5321f5c7940,6,1675759947000
c42493ae-79c3-4f79-ac6d-bf5f95aec497,1d734b19-bdf8-45b2-93e9-b5321f5c7940,5,1680459447000
f5e7b40b-dc4a-4c0e-bf88-fa3da56e1813,1d734b19-bdf8-45b2-93e9-b5321f5c7940,4,1676656553000
db30b1e4-b0c0-4490-99af-f1a4cab78614,3e1ee272-3228-4cf0-9d74-663527cef0ac,2,1681641307000
bbb7d139-cd89-4cb8-947c-9919e1d603be,1d734b19-bdf8-45b2-93e9-b5321f5c7940,6,1682514040000
e56f9cb0-c1de-4260-a551-d77ce4588150,1d734b19-bdf8-45b2-93e9-b5321f5c7940,4,1678304773000
f363adf3-1780-4139-85a7-ec65dea0d88d,b6273b76-69c8-4f1f-bdbe-82de27008cb3,6,1685928573000
82584d60-468a-4aad-b816-f140b6ae0e4a,b6273b76-69c8-4f1f-bdbe-82de27008cb3,2,1686572674000
c8da8fd9-751a-456a-bf0a-bde0d5f27848,1d734b19-bdf8-45b2-93e9-b5321f5c7940,2,1677358534000
30d07ba9-c318-4d45-b1d4-d0487ee4d46d,3e1ee272-3228-4cf0-9d74-663527cef0ac,3,1674175262000
b4f01d70-fb68-42bc-b4c8-92e42ee05d6f,1d734b19-bdf8-45b2-93e9-b5321f5c7940,1,1684498688000
df00ada7-883c-437c-b6f8-41ed3b95dc0d,3e1ee272-3228-4cf0-9d74-663527cef0ac,2,1677966695000
52e9e21a-6007-483c-86c8-4e15f4f7dc78,1d734b19-bdf8-45b2-93e9-b5321f5c7940,6,1684547621000
f7b7136b-0c28-485a-96aa-09dc00af384e,b6273b76-69c8-4f1f-bdbe-82de27008cb3,6,1675217963000
62d22d8c-dd58-40ed-8f13-0c47ebb24440,3e1ee272-3228-4cf0-9d74-663527cef0ac,4,1679377733000
137fc1fb-ac15-4ad9-aace-092b7dc09779,b6273b76-69c8-4f1f-bdbe-82de27008cb3,6,1673944852000
f9d4be72-a9df-45fe-9946-85897f10a797,1d734b19-bdf8-45b2-93e9-b5321f5c7940,3,1677714751000
ad1429da-3197-47b7-aca0-6129b1e8d9f6,1d734b19-bdf8-45b2-93e9-b5321f5c7940,4,1684857724000
a673b125-a474-444b-8b20-84c4af61b26c,b6273b76-69c8-4f1f-bdbe-82de27008cb3,1,1674295995000
dd38b0d2-16e2-4167-9043-2682a2ea4d59,3e1ee272-3228-4cf0-9d74-663527cef0ac,1,1679006334000
55833ab9-64c0-48eb-9803-2303a8759e13,3e1ee272-3228-4cf0-9d74-663527cef0ac,1,1679293874000
fd807839-a108-401e-aa27-11795bf71795,b6273b76-69c8-4f1f-bdbe-82de27008cb3,3,1682676835000
2491be46-2c46-4ecd-a97c-12ca79546e98,b6273b76-69c8-4f1f-bdbe-82de27008cb3,4,1676520924000
187aa98b-76a1-41b2-9ab4-cec8e371e6a1,b6273b76-69c8-4f1f-bdbe-82de27008cb3,1,1678695949000
741e67a6-eb93-430d-9edf-7b6fd3e9b5aa,b6273b76-69c8-4f1f-bdbe-82de27008cb3,5,1674497403000
ef6b0946-2520-4bf2-b83c-368dde8c82d9,3e1ee272-3228-4cf0-9d74-663527cef0ac,1,1673699558000
962b89c4-6300-4eeb-b4fc-e67c0086167b,1d734b19-bdf8-45b2-93e9-b5321f5c7940,3,1675296765000
c061e4ec-9425-4541-a618-7cd927663401,3e1ee272-3228-4cf0-9d74-663527cef0ac,2,1683955771000
6b456610-8dd4-45d0-9262-207ef08ee22d,b6273b76-69c8-4f1f-bdbe-82de27008cb3,2,1677849680000
747f7de3-12eb-4434-8d5e-b7280b6eef93,3e1ee272-3228-4cf0-9d74-663527cef0ac,6,1682319190000
87e42e8a-5afd-480c-a45b-6673037efda5,1d734b19-bdf8-45b2-93e9-b5321f5c7940,5,1679334618000
b58c961d-ec4e-417d-836a-8f6f2c85b0a6,3e1ee272-3228-4cf0-9d74-663527cef0ac,3,1672776030000
9f3fa990-466f-4ca7-a27b-98e229660197,b6273b76-69c8-4f1f-bdbe-82de27008cb3,2,1682630017000
f7aeaa2e-46b3-4b77-b534-c605d361ed14,1d734b19-bdf8-45b2-93e9-b5321f5c7940,2,1674052671000
761b43da-9117-4d32-841b-4e13213f764c,1d734b19-bdf8-45b2-93e9-b5321f5c7940,5,1685911357000
7cb754a5-be85-41d9-9f39-caac6425c0df,3e1ee272-3228-4cf0-9d74-663527cef0ac,6,1683789415000
eeac4274-cb93-4260-9f88-ab67fd3f62aa,b6273b76-69c8-4f1f-bdbe-82de27008cb3,2,1679522801000
a29f4f1d-3056-4289-b717-6b7e983273a0,3e1ee272-3228-4cf0-9d74-663527cef0ac,4,1676071170000
0beeca94-5b6e-4967-8700-6f6122811535,1d734b19-bdf8-45b2-93e9-b5321f5c7940,2,1680377044000
a6f18abc-42c3-47a1-8b69-a4db71417e69,1d734b19-bdf8-45b2-93e9-b5321f5c7940,1,1679580141000
16a78847-ebd9-4595-87f8-9e14154eeb7c,b6273b76-69c8-4f1f-bdbe-82de27008cb3,1,1675549774000
8a5b0bce-e192-4c4c-8ecf-3d19848ef2b7,b6273b76-69c8-4f1f-bdbe-82de27008cb3,4,1680306624000
913344b1-18d9-4358-a2c2-b117a3ee31c4,b6273b76-69c8-4f1f-bdbe-82de27008cb3,1,1673149081000
aa11d0fa-78c9-4641-925a-a333a8c2639e,3e1ee272-3228-4cf0-9d74-663527cef0ac,5,1674173512000
e1677b85-a8f1-4c80-a400-de87a213efeb,3e1ee272-3228-4cf0-9d74-663527cef0ac,2,1684994684000
0737f499-3fc3-44e1-9344-170c752896ef,1d734b19-bdf8-45b2-93e9-b5321f5c7940,3,1678220584000
39705345-e60e-47f7-8e3f-dcd5e7785033,1d734b19-bdf8-45b2-93e9-b5321f5c7940,3,1678845577000
2615a722-4717-489f-bfe6-c1162520ea1d,3e1ee272-3228-4cf0-9d74-663527cef0ac,1,1675368941000
099e63fd-7c78-4168-b74f-cf6981e03b2c,3e1ee272-3228-4cf0-9d74-663527cef0ac,1,1684319911000
3099f7f5-adc2-49fe-9a1f-5cabc1280ee4,3e1ee272-3228-4cf0-9d74-663527cef0ac,5,1684128677000
bc32c6c5-9cdb-4baa-b688-d14e64978efd,3e1ee272-3228-4cf0-9d74-663527cef0ac,4,1673655984000
ffbb1b43-9405-441f-a070-601075e86d49,b6273b76-69c8-4f1f-bdbe-82de27008cb3,2,1684425303000
315cf3b3-dceb-4320-ae60-f46d2ee8054a,3e1ee272-3228-4cf0-9d74-663527cef0ac,4,1686271755000
ec26fe86-01e6-4ad0-8db7-cb30ccb1d568,b6273b76-69c8-4f1f-bdbe-82de27008cb3,3,1677470927000
fbf86637-5281-437a-b644-e795ec7cd370,b6273b76-69c8-4f1f-bdbe-82de27008cb3,2,1675428338000
8d05b3cc-0f10-4366-ac39-f14062d5b414,b6273b76-69c8-4f1f-bdbe-82de27008cb3,3,1680687667000
e29e12b3-fa17-4523-8100-fa9aaff3862f,b6273b76-69c8-4f1f-bdbe-82de27008cb3,3,1679764565000
d60320c5-610b-4684-bfa4-7ababc4d3c2f,3e1ee272-3228-4cf0-9d74-663527cef0ac,6,1681636040000
52326e30-53af-4f84-b132-0e63daad5627,1d734b19-bdf8-45b2-93e9-b5321f5c7940,6,1683586562000
b8e9aefd-fc08-4ad2-aa7a-88c2e61df569,3e1ee272-3228-4cf0-9d74-663527cef0ac,1,1682288497000
565f1746-320a-4bdf-80d9-7c6d22dce80d,1d734b19-bdf8-45b2-93e9-b5321f5c7940,5,1684900764000
6db16274-216f-4356-b62c-42170aa11b91,1d734b19-bdf8-45b2-93e9-b5321f5c7940,5,1680902910000
b838cd19-ae60-4d97-855c-95c3f2365362,3e1ee272-3228-4cf0-9d74-663527cef0ac,6,1677043897000
074e57e8-637b-4682-8860-48cf494ebcd0,1d734b19-bdf8-45b2-93e9-b5321f5c7940,4,1686549011000
9dd548c1-53a0-49c1-912e-d2c0d558bd37,1d734b19-bdf8-45b2-93e9-b5321f5c7940,1,1676457843000
df8b242e-9d73-4d82-98f9-6292ad60964e,1d734b19-bdf8-45b2-93e9-b5321f5c7940,5,1681485289000
f4fb427c-9423-4ff0-9182-e95b754419fc,b6273b76-69c8-4f1f-bdbe-82de27008cb3,4,1685930166000
3d060d7c-215e-4624-88d2-588222ea0748,b6273b76-69c8-4f1f-bdbe-82de27008cb3,6,1676495365000
0ea9c44b-2039-4aa5-a6f7-812662ffee22,3e1ee272-3228-4cf0-9d74-663527cef0ac,2,1674679411000
252b9c36-7c57-43ad-897e-2df42786a77b,1d734b19-bdf8-45b2-93e9-b5321f5c7940,6,1686500981000
a5614a7d-1b7e-4db7-bba0-db55ab89b0f9,3e1ee272-3228-4cf0-9d74-663527cef0ac,5,1676359834000
8e4d7db0-9834-423e-9e8b-24f0196af537,3e1ee272-3228-4cf0-9d74-663527cef0ac,6,1677197250000
b1e28114-bc76-400a-854d-c0704dca1f22,b6273b76-69c8-4f1f-bdbe-82de27008cb3,4,1677396637000
b5b43db6-1ea0-4201-b4a7-36f92ffa4200,3e1ee272-3228-4cf0-9d74-663527cef0ac,2,1686751366000
6812db1b-cb4c-4996-86d2-e5b27ca94f74,b6273b76-69c8-4f1f-bdbe-82de27008cb3,3,1681259188000
07766859-5553-43e3-aa80-86f9fc3a84ab,b6273b76-69c8-4f1f-bdbe-82de27008cb3,3,1682159729000
5ca05415-b3fe-4a96-ac37-b9c08bca99b2,1d734b19-bdf8-45b2-93e9-b5321f5c7940,2,1684578850000
08014146-62e7-489e-8750-5c11f5a56b0c,b6273b76-69c8-4f1f-bdbe-82de27008cb3,3,1681682152000
d5a5b8c2-2923-40bf-b4a3-e3253bd7f455,3e1ee272-3228-4cf0-9d74-663527cef0ac,6,1682934156000
b7d0db76-03b5-45d9-b50d-b8006f2705fc,b6273b76-69c8-4f1f-bdbe-82de27008cb3,6,1681022679000
520fad0d-ea3f-46de-88d9-e9939f681386,b6273b76-69c8-4f1f-bdbe-82de27008cb3,2,1678505038000
051df873-16c0-4c81-bb60-a65798374b77,1d734b19-bdf8-45b2-93e9-b5321f5c7940,6,1684794190000
c2e7ab94-0a6f-4f22-9920-02f7cbebaf06,1d734b19-bdf8-45b2-93e9-b5321f5c7940,2,1672623783000
93130cef-7b58-46e2-8b94-b4c5d9a7e623,b6273b76-69c8-4f1f-bdbe-82de27008cb3,6,1685442080000
f88ed871-4d7c-48a9-b8f1-0a246a4fc842,1d734b19-bdf8-45b2-93e9-b5321f5c7940,3,1682470012000
6751065c-e0d2-4665-8dc1-5e7612e0a4c6,1d734b19-bdf8-45b2-93e9-b5321f5c7940,2,1685313554000
ef27e2ea-1b1d-4c00-8473-add8fb8ee85e,b6273b76-69c8-4f1f-bdbe-82de27008cb3,4,1682753130000
e12ae981-a9ee-4f78-a7b3-cec893b158d6,1d734b19-bdf8-45b2-93e9-b5321f5c7940,5,1682989025000
eacb694e-9c10-42c6-842d-1eb66eaec4aa,b6273b76-69c8-4f1f-bdbe-82de27008cb3,4,1681071745000
84497b04-d452-4cb1-9861-7166a92462cf,1d734b19-bdf8-45b2-93e9-b5321f5c7940,2,1674668097000
3a0e7719-1e38-4205-b333-3a03565a1f16,3e1ee272-3228-4cf0-9d74-663527cef0ac,5,1675601142000
a8d40453-59b5-47ba-9540-3cea1f4ff496,3e1ee272-3228-4cf0-9d74-663527cef0ac,4,1680647181000
9e8c1890-03d7-4664-b9c8-a38f2618896f,3e1ee272-3228-4cf0-9d74-663527cef0ac,5,1675091961000
bcf6bb01-230a-47b8-bde5-46797c325954,b6273b76-69c8-4f1f-bdbe-82de27008cb3,2,1675516284000
d6367cdb-3f77-4b25-8cdd-aa1767f3dd1b,b6273b76-69c8-4f1f-bdbe-82de27008cb3,3,1680771031000
29ae2026-3343-4bc4-a883-98ba82866612,1d734b19-bdf8-45b2-93e9-b5321f5c7940,6,1679482578000
10830905-6ec5-4883-8def-9dd439f61b73,b6273b76-69c8-4f1f-bdbe-82de27008cb3,5,1679133417000
7dd4169f-7e28-484f-8c70-55087fb9adcd,1d734b19-bdf8-45b2-93e9-b5321f5c7940,4,1677221473000
ac89701f-0bc0-4ba4-a7d3-3f8b7da82030,3e1ee272-3228-4cf0-9d74-663527cef0ac,5,1684330325000
5422769c-b8a3-4b3c-8c1d-5a5f17fe1539,b6273b76-69c8-4f1f-bdbe-82de27008cb3,2,1686739036000
54251abe-170f-4c53-9846-90fda3353359,3e1ee272-3228-4cf0-9d74-663527cef0ac,5,1673977553000
2ca7752e-6787-4bd3-a9cd-e9045de37baf,3e1ee272-3228-4cf0-9d74-663527cef0ac,6,1678217333000
b93be420-1bed-4bbd-9570-aa50a6be2f1f,3e1ee272-3228-4cf0-9d74-663527cef0ac,5,1680779526000
aaff862f-ae0c-4cb2-a6ac-8570ed3eabcf,1d734b19-bdf8-45b2-93e9-b5321f5c7940,3,1675287359000
f98fc6d6-470e-4bbd-a622-d3104d97fef7,3e1ee272-3228-4cf0-9d74-663527cef0ac,5,1682826208000
e595a4e3-1c2d-47cf-a515-e6702818ef9d,b6273b76-69c8-4f1f-bdbe-82de27008cb3,2,1678677168000
8633e6af-6af7-4ab3-89c6-46ca4102e21f,3e1ee272-3228-4cf0-9d74-663527cef0ac,4,1678732729000
dfcb7c1c-edb2-48b3-8552-425d43c9b48a,1d734b19-bdf8-45b2-93e9-b5321f5c7940,1,1681971759000
79216820-ec46-4b08-9818-11efc9b3b924,b6273b76-69c8-4f1f-bdbe-82de27008cb3,2,1676665709000
7b3dd563-9cc1-479d-907c-02582e98d562,3e1ee272-3228-4cf0-9d74-663527cef0ac,4,1675981513000
fd887f17-e9ec-4150-801b-e5108b350514,3e1ee272-3228-4cf0-9d74-663527cef0ac,2,1678071107000
1a6b7e38-a6b7-481a-bae0-ab8ce14067c9,1d734b19-bdf8-45b2-93e9-b5321f5c7940,3,1673373299000
38da63be-9dec-403a-99a0-7eb98501c7db,1d734b19-bdf8-45b2-93e9-b5321f5c7940,2,1676455049000
ac57a49c-b01d-4e7f-b85c-eba7945ea1b5,b6273b76-69c8-4f1f-bdbe-82de27008cb3,2,1673474589000
8b2d416a-c895-4096-adde-c555876c5474,3e1ee272-3228-4cf0-9d74-663527cef0ac,3,1686626127000
5715744f-2afe-4d03-8289-549ddf07bd03,3e1ee272-3228-4cf0-9d74-663527cef0ac,5,1683992675000
d7a3daee-8498-4a30-975b-8ea421548035,b6273b76-69c8-4f1f-bdbe-82de27008cb3,4,1673296947000
77ca4315-c9cb-44ab-aae5-7802e9eb13ef,b6273b76-69c8-4f1f-bdbe-82de27008cb3,4,1675648544000
19d79768-f4f8-4e72-acf8-c9c391a13ce7,1d734b19-bdf8-45b2-93e9-b5321f5c7940,5,1676211589000
0e41b78a-6d73-4023-ace0-7bf710475b4d,b6273b76-69c8-4f1f-bdbe-82de27008cb3,1,1674356283000
c39906ed-a79c-4f56-82c9-193258ca3c6b,1d734b19-bdf8-45b2-93e9-b5321f5c7940,1,1685561371000
a190469e-34f4-4e93-9b65-8f741232c6e9,3e1ee272-3228-4cf0-9d74-663527cef0ac,3,1681547832000
8154ad62-c7cd-42c7-b60c-7df23c556b5d,3e1ee272-3228-4cf0-9d74-663527cef0ac,2,1677032305000
e904d313-e414-4eb6-92ad-988a6761fcb8,3e1ee272-3228-4cf0-9d74-663527cef0ac,2,1684681043000
e662d7c0-0714-4bf7-b7fd-b96d896b65de,b6273b76-69c8-4f1f-bdbe-82de27008cb3,6,1685208768000
503911ab-094c-40ab-ab65-69545671acf6,3e1ee272-3228-4cf0-9d74-663527cef0ac,2,1677903972000
7903e984-19fe-47a0-9fff-508f07ff9dfc,b6273b76-69c8-4f1f-bdbe-82de27008cb3,4,1678826829000
d2215c7e-f35b-4671-8a52-792c0609917d,b6273b76-69c8-4f1f-bdbe-82de27008cb3,1,1674972716000
9a6f8601-d115-4ef8-a745-97d0ec32c31f,3e1ee272-3228-4cf0-9d74-663527cef0ac,4,1675906555000
2b1eb68f-3ae3-42bc-8644-dde230ef283e,3e1ee272-3228-4cf0-9d74-663527cef0ac,1,1684283656000
19c61a32-224b-4395-98a9-897e915d5dd1,1d734b19-bdf8-45b2-93e9-b5321f5c7940,5,1684268498000
eed5fe98-d803-4a8f-9391-dd061eaaa9de,3e1ee272-3228-4cf0-9d74-663527cef0ac,3,1677131985000
ca7957e9-f5dd-4f10-9a7a-3859ace180fb,3e1ee272-3228-4cf0-9d74-663527cef0ac,3,1685646963000
20834760-2bed-4e0a-88b1-9ca743be9999,3e1ee272-3228-4cf0-9d74-663527cef0ac,1,1684155144000
950cb508-f2fc-4737-b642-486293b9ce1a,1d734b19-bdf8-45b2-93e9-b5321f5c7940,1,1676381259000
e18e7dbf-45dd-48ae-8dad-b95edd30ac5a,1d734b19-bdf8-45b2-93e9-b5321f5c7940,4,1678762963000
73d96234-2cc8-4a7c-82ec-04354d3090a3,3e1ee272-3228-4cf0-9d74-663527cef0ac,6,1675700073000
d5c1e7a1-f85b-413f-a3d5-c606388f05e2,1d734b19-bdf8-45b2-93e9-b5321f5c7940,1,1672651425000
b89ad646-f708-4812-9d04-32cdcc94eab8,1d734b19-bdf8-45b2-93e9-b5321f5c7940,5,1676572759000
52952156-ad91-45d0-ba99-62072bb90e3d,b6273b76-69c8-4f1f-bdbe-82de27008cb3,5,1686447342000
b0aed04c-a50d-47b2-af3e-45ec4ee89d48,1d734b19-bdf8-45b2-93e9-b5321f5c7940,1,1675709340000
e208cfad-c1d1-470d-8485-12cc5a830fd2,1d734b19-bdf8-45b2-93e9-b5321f5c7940,6,1676141362000
7bf170e0-11fe-4703-8644-21ce122b26ff,3e1ee272-3228-4cf0-9d74-663527cef0ac,1,1683548378000
2229f1df-7001-4a8a-abe2-52ebaa7a4ccf,1d734b19-bdf8-45b2-93e9-b5321f5c7940,5,1679264867000
4672ee7e-8d2d-493e-b339-a9bcb7c8fbc2,1d734b19-bdf8-45b2-93e9-b5321f5c7940,3,1682191065000
2995fca0-72ee-4320-8fe4-af09d03d7bf5,3e1ee272-3228-4cf0-9d74-663527cef0ac,6,1674710731000
9597a1fb-6a29-4d22-9e8b-d4c22c319915,3e1ee272-3228-4cf0-9d74-663527cef0ac,6,1681926983000
f6ea15d4-2c04-457e-b592-332aa78e250f,1d734b19-bdf8-45b2-93e9-b5321f5c7940,2,1681528670000
42c3b707-ac3e-497a-921b-504cd5c8d46c,3e1ee272-3228-4cf0-9d74-663527cef0ac,5,1673653620000
8fe87daf-a03d-4421-8a1d-627750889464,3e1ee272-3228-4cf0-9d74-663527cef0ac,1,1678369691000
0e91ed74-aa0d-4e5c-a1f2-74cd5873981a,b6273b76-69c8-4f1f-bdbe-82de27008cb3,6,1674984439000
ff7856ed-0ef3-457c-938d-cfe958e6f44b,3e1ee272-3228-4cf0-9d74-663527cef0ac,4,1676574501000
1dcd00b5-16a5-4aa5-9e6a-7c0c9e9d6a5a,1d734b19-bdf8-45b2-93e9-b5321f5c7940,2,1682102451000
1c602886-c90d-46e5-be6a-07729b819deb,3e1ee272-3228-4cf0-9d74-663527cef0ac,6,1683166975000
e8ffd10c-0068-4b11-92b7-377711ec44fe,b6273b76-69c8-4f1f-bdbe-82de27008cb3,4,1679499468000
aac63fdb-7a67-4c80-8a00-7ed2e84fe515,b6273b76-69c8-4f1f-bdbe-82de27008cb3,5,1683384883000
ba6b00f4-3385-4eae-87ad-8ae70a1c4610,b6273b76-69c8-4f1f-bdbe-82de27008cb3,1,1683303472000
a1476bcd-b010-4aae-b11b-d4a3e680cba9,1d734b19-bdf8-45b2-93e9-b5321f5c7940,1,1685362347000
f1be468e-b47c-4599-beb1-cdf9e2b8343e,b6273b76-69c8-4f1f-bdbe-82de27008cb3,6,1685195002000
68a24031-34ab-4e54-bd1c-ce15e5419a87,b6273b76-69c8-4f1f-bdbe-82de27008cb3,6,1684539548000
c8254395-dfd2-45f0-9e68-fdd6d2ccbf1f,1d734b19-bdf8-45b2-93e9-b5321f5c7940,1,1683930403000
fa008192-4d6e-4efa-9c6d-b320ead76487,b6273b76-69c8-4f1f-bdbe-82de27008cb3,3,1684887867000
5df7c520-113d-4f3a-91a4-f7fcc4332223,3e1ee272-3228-4cf0-9d74-663527cef0ac,2,1681673548000
de812e2c-38ea-4964-a429-e40fcf184c4e,b6273b76-69c8-4f1f-bdbe-82de27008cb3,5,1684176151000
042c10c5-ce25-4711-a8cb-b37658b1948c,3e1ee272-3228-4cf0-9d74-663527cef0ac,1,1674606239000
e3ab9fe4-b4cf-43cf-9c2f-944dbda607bc,b6273b76-69c8-4f1f-bdbe-82de27008cb3,1,1674359474000
90383601-9922-4c30-ab28-c4374938aa99,1d734b19-bdf8-45b2-93e9-b5321f5c7940,2,1673635306000
6b8082fb-48d2-418f-9058-199a0dd74396,b6273b76-69c8-4f1f-bdbe-82de27008cb3,3,1675382181000
7c74c662-4220-4d20-95d7-785eed32931e,1d734b19-bdf8-45b2-93e9-b5321f5c7940,1,1678498055000
b198030c-8a2b-4fcd-b828-2dfad70c336e,3e1ee272-3228-4cf0-9d74-663527cef0ac,3,1682828633000
0f99876b-fe4e-4ba2-a0b5-236ce1c0c605,b6273b76-69c8-4f1f-bdbe-82de27008cb3,2,1677081114000
6026c301-61bd-4e6b-9adf-12ceaa46832d,1d734b19-bdf8-45b2-93e9-b5321f5c7940,6,1676410987000
12f7749d-cd25-4ee8-8064-fc12e23d95bf,1d734b19-bdf8-45b2-93e9-b5321f5c7940,6,1676566393000
ef896a88-1e33-4aaa-9085-fd10551655d0,b6273b76-69c8-4f1f-bdbe-82de27008cb3,2,1686866968000
eb9b75d4-7fe8-4f5d-b2f3-0c1bf0e95dcc,b6273b76-69c8-4f1f-bdbe-82de27008cb3,3,1680702200000
c69ad41a-bfb2-4167-a32f-a7105c10fcd6,1d734b19-bdf8-45b2-93e9-b5321f5c7940,5,1681500856000
76a45e54-73bc-4594-bc3a-ec7986fd176b,b6273b76-69c8-4f1f-bdbe-82de27008cb3,5,1684795363000
0574f5fa-3234-4393-8649-cc497c108869,1d734b19-bdf8-45b2-93e9-b5321f5c7940,4,1675845461000
8ce0afe5-7c8c-45f3-b770-e5d043e37e30,1d734b19-bdf8-45b2-93e9-b5321f5c7940,4,1680750184000
2cadffca-79dd-430c-b71b-c837a63e252b,1d734b19-bdf8-45b2-93e9-b5321f5c7940,6,1681640439000
a53aedb0-2376-4ed7-bea1-fad79f1014cc,3e1ee272-3228-4cf0-9d74-663527cef0ac,4,1683591611000
e27a9cfe-b881-4828-bbca-b14c866c67d0,1d734b19-bdf8-45b2-93e9-b5321f5c7940,2,1675056544000
6d342549-2cba-482b-bfda-6e8ef9ca296e,b6273b76-69c8-4f1f-bdbe-82de27008cb3,2,1678043392000
bc064f34-3517-4fe1-9c56-5aa9d6017554,b6273b76-69c8-4f1f-bdbe-82de27008cb3,4,1680172620000
8d9db84c-6fdf-4f4f-b80a-b45f3ae437ea,1d734b19-bdf8-45b2-93e9-b5321f5c7940,6,1676531381000
7bad129d-00ee-44cc-8ff6-576aa7477d84,b6273b76-69c8-4f1f-bdbe-82de27008cb3,5,1683186464000
b06b39d0-cee1-46a1-85da-0b334d9164a1,1d734b19-bdf8-45b2-93e9-b5321f5c7940,2,1683647887000
4751c437-7de9-43a8-8168-16a64e494928,3e1ee272-3228-4cf0-9d74-663527cef0ac,6,1674850225000
aa6809d6-d3d1-463e-84d2-e5e9ba523aeb,b6273b76-69c8-4f1f-bdbe-82de27008cb3,3,1675900770000
301e0a49-1763-45bc-adcf-aa9664bfdbaf,3e1ee272-3228-4cf0-9d74-663527cef0ac,5,1674210288000
dd79feda-0d0d-4ba4-b0e4-6aa57b7b3d6b,3e1ee272-3228-4cf0-9d74-663527cef0ac,4,1677843856000
b4e0ad32-5e63-4595-baf3-d6abe5e2b0cb,3e1ee272-3228-4cf0-9d74-663527cef0ac,5,1678327805000
7cfd6fbe-23e0-47d3-9f7b-cc98c1a5f564,3e1ee272-3228-4cf0-9d74-663527cef0ac,6,1674071181000
de59658f-8ebd-4345-afb8-62dedae27796,1d734b19-bdf8-45b2-93e9-b5321f5c7940,6,1677925369000
c4ef46ae-a319-4442-84c3-34d715a58f03,3e1ee272-3228-4cf0-9d74-663527cef0ac,2,1685689223000
1ddf1180-b4a3-4625-b268-4319f5bc8ece,3e1ee272-3228-4cf0-9d74-663527cef0ac,6,1683863348000
87ab9a37-024d-4425-b99b-a4f5747256e2,b6273b76-69c8-4f1f-bdbe-82de27008cb3,4,1683999043000
78127a0c-b4ed-4115-895f-2bcec07e844d,3e1ee272-3228-4cf0-9d74-663527cef0ac,1,1673377927000
aed191f4-677f-48c1-a218-45ec54c37822,1d734b19-bdf8-45b2-93e9-b5321f5c7940,6,1685523194000
e9709179-69ff-48b2-9ae2-6ad1f1af9e3d,b6273b76-69c8-4f1f-bdbe-82de27008cb3,6,1684695361000
60030793-9be9-4393-91b7-faffd195b680,3e1ee272-3228-4cf0-9d74-663527cef0ac,5,1675832925000
aecda23c-920f-4822-9350-cbfbd6f084b9,b6273b76-69c8-4f1f-bdbe-82de27008cb3,6,1684617267000
3a5d34ca-8786-43e2-9679-39f1e0a4b9eb,3e1ee272-3228-4cf0-9d74-663527cef0ac,5,1684517100000
09905274-a980-40c6-a44f-26a58c70c3e1,b6273b76-69c8-4f1f-bdbe-82de27008cb3,2,1684363439000
60235bb5-8042-4745-b4e5-e729cde45d6c,1d734b19-bdf8-45b2-93e9-b5321f5c7940,5,1678761344000
2cf2b73e-1490-49a3-a309-12a432918aef,b6273b76-69c8-4f1f-bdbe-82de27008cb3,5,1684906955000
5fad1cee-37ab-41b0-8229-8226dd624536,3e1ee272-3228-4cf0-9d74-663527cef0ac,1,1673440421000
81fe18e4-a406-4f3d-be8a-2abfed826a57,3e1ee272-3228-4cf0-9d74-663527cef0ac,6,1674637168000
c0ba57fe-b522-4545-b562-413a30ece4e9,b6273b76-69c8-4f1f-bdbe-82de27008cb3,5,1676695076000
00ee376c-cb86-411f-91c7-45dc3f12c085,1d734b19-bdf8-45b2-93e9-b5321f5c7940,5,1686741340000
416af0ad-d143-47f8-9d32-60f43b501204,1d734b19-bdf8-45b2-93e9-b5321f5c7940,6,1678860601000
c698d02e-463b-4204-bace-7c9e0913e80f,b6273b76-69c8-4f1f-bdbe-82de27008cb3,5,1674826034000
bc45591b-ac93-4ef6-a54a-1b04390dd440,3e1ee272-3228-4cf0-9d74-663527cef0ac,6,1678811305000
0e843b97-e6f6-433f-b86e-11093643ae16,3e1ee272-3228-4cf0-9d74-663527cef0ac,6,1679581668000
50df983c-c60d-418c-a800-5974d951abf7,3e1ee272-3228-4cf0-9d74-663527cef0ac,1,1676873482000
8c8f8b20-f921-43bc-8a12-64b2e0ea17e9,b6273b76-69c8-4f1f-bdbe-82de27008cb3,2,1679179238000
156f0c10-d794-43d2-8bbd-5161db193d9f,1d734b19-bdf8-45b2-93e9-b5321f5c7940,6,1682017853000
21c6d5d8-e3b5-4d07-8ca7-1587a244a2cf,3e1ee272-3228-4cf0-9d74-663527cef0ac,4,1674833767000
373642a2-0d94-4935-a8bb-7deadc00d413,b6273b76-69c8-4f1f-bdbe-82de27008cb3,6,1683920670000
7c0dc058-5e2c-425d-8611-c6cef997f626,1d734b19-bdf8-45b2-93e9-b5321f5c7940,6,1676301060000
aabf8d91-49a7-48b4-ad99-97375f897693,1d734b19-bdf8-45b2-93e9-b5321f5c7940,1,1679879489000
99fff4bb-a436-48ee-9d70-9784e61f23a2,b6273b76-69c8-4f1f-bdbe-82de27008cb3,1,1672626787000
b29b47ef-da49-4fb0-99f8-d7b620214405,b6273b76-69c8-4f1f-bdbe-82de27008cb3,3,1674576673000
4881114a-4355-4fba-b265-7ae4e10a5d51,3e1ee272-3228-4cf0-9d74-663527cef0ac,6,1686120229000
d35f9551-60f6-4cdb-9096-917c5072829b,3e1ee272-3228-4cf0-9d74-663527cef0ac,6,1680631506000
cc47b930-e0c4-48f9-ba64-6a4adbba21f2,1d734b19-bdf8-45b2-93e9-b5321f5c7940,3,1679033570000
0ea519d4-fcc8-4940-83ef-b553f47e1453,b6273b76-69c8-4f1f-bdbe-82de27008cb3,1,1680315836000
e2320fb2-76d5-4d8c-82e4-94a54afec33c,b6273b76-69c8-4f1f-bdbe-82de27008cb3,5,1680150608000
e7d2b976-4915-4ac3-b0c8-9639305c198f,1d734b19-bdf8-45b2-93e9-b5321f5c7940,2,1682688067000
56ce9f63-537d-406c-97b2-9e379d4d9a92,1d734b19-bdf8-45b2-93e9-b5321f5c7940,3,1681868811000
85d6a07f-25d3-4c51-aec0-9484c3cea6f3,b6273b76-69c8-4f1f-bdbe-82de27008cb3,3,1674476489000
78f284a2-f83e-4942-80ea-8d234291433b,3e1ee272-3228-4cf0-9d74-663527cef0ac,4,1676417698000
f5a66732-1dc8-46f9-8824-a07a29853db3,3e1ee272-3228-4cf0-9d74-663527cef0ac,4,1675826694000
d8e49bef-e893-4ce4-aaa0-c1ab7a15c037,1d734b19-bdf8-45b2-93e9-b5321f5c7940,6,1684140058000
c1b2fd04-b33c-4552-8785-ed934e50c51b,3e1ee272-3228-4cf0-9d74-663527cef0ac,4,1684617595000
0f3a59d1-92b0-46b8-ab60-9b96a8ec8dc4,3e1ee272-3228-4cf0-9d74-663527cef0ac,2,1675898221000
66725bff-239a-4f1c-a69a-ff81a49468f9,1d734b19-bdf8-45b2-93e9-b5321f5c7940,1,1681505981000
3b197451-ecd6-4766-a234-ac707d2a22e0,3e1ee272-3228-4cf0-9d74-663527cef0ac,4,1675497534000
adeb14fd-150e-482a-81c7-615882c69cc8,b6273b76-69c8-4f1f-bdbe-82de27008cb3,2,1684546870000
c8c37c7e-b2bc-4832-8ab9-c6e7542f6e4b,b6273b76-69c8-4f1f-bdbe-82de27008cb3,2,1674287160000
2fd8fcf1-8462-4364-9871-a52bbd92281c,3e1ee272-3228-4cf0-9d74-663527cef0ac,6,1686134828000
148c83f3-cb4f-49f8-83db-7a47181b3641,1d734b19-bdf8-45b2-93e9-b5321f5c7940,1,1685596898000
d5151e25-3bea-46a2-9791-5fa805b7629d,3e1ee272-3228-4cf0-9d74-663527cef0ac,6,1678356942000
ec761e6f-a286-48b8-852a-1ff7f4c9eef8,3e1ee272-3228-4cf0-9d74-663527cef0ac,2,1678202363000
4121f332-cdd8-407d-8fbb-81667eb0e8a3,1d734b19-bdf8-45b2-93e9-b5321f5c7940,4,1684737990000
af2af293-4940-4c20-b4e5-5f228417b5fe,b6273b76-69c8-4f1f-bdbe-82de27008cb3,3,1678437515000
bbdf4990-4707-425d-a4e3-2d30fb351ef8,b6273b76-69c8-4f1f-bdbe-82de27008cb3,3,1685607527000
cb13e3fd-9175-4aab-8d0b-a5e073052fa7,1d734b19-bdf8-45b2-93e9-b5321f5c7940,4,1686121381000
0a1313ee-7e04-4b80-af30-722dd80d7fe3,1d734b19-bdf8-45b2-93e9-b5321f5c7940,5,1673200760000
0ff8c37f-ab6b-4bba-a255-61d0498de211,3e1ee272-3228-4cf0-9d74-663527cef0ac,3,1684362411000
23bf37fb-c14a-4e53-a730-efd66105d770,1d734b19-bdf8-45b2-93e9-b5321f5c7940,6,1682875491000
eea84bd6-f48f-4107-83c7-7b11d7b8b54c,1d734b19-bdf8-45b2-93e9-b5321f5c7940,3,1675789696000
fac590f2-ceec-4a88-a8ee-febb872c67a7,b6273b76-69c8-4f1f-bdbe-82de27008cb3,6,1678563928000
f8023e72-6a26-412f-8536-941fdcb626ee,1d734b19-bdf8-45b2-93e9-b5321f5c7940,3,1680372188000
f33f2c23-9fa2-403e-8d4c-3a298ba56274,1d734b19-bdf8-45b2-93e9-b5321f5c7940,6,1681431755000
6ab1c54e-cb91-4a81-9fbe-083380e8e727,1d734b19-bdf8-45b2-93e9-b5321f5c7940,6,1677483939000
239a1852-5ff0-4980-9d00-8797f004718e,b6273b76-69c8-4f1f-bdbe-82de27008cb3,3,1677427679000
07e99246-0f64-4983-8c23-fac23b3bb96f,3e1ee272-3228-4cf0-9d74-663527cef0ac,5,1674622076000
42ff2d8d-1709-4ef5-bb40-1b6da78595ed,1d734b19-bdf8-45b2-93e9-b5321f5c7940,2,1681303698000
3f99d862-264a-4077-b41f-15a0a306e6c2,b6273b76-69c8-4f1f-bdbe-82de27008cb3,3,1678584190000
abb06a98-3136-4433-8eaa-49141acca383,3e1ee272-3228-4cf0-9d74-663527cef0ac,1,1682964564000
94a57d19-b840-424d-970e-3d50ce4b1e30,1d734b19-bdf8-45b2-93e9-b5321f5c7940,6,1675804266000
f2a0eb35-ece3-41d3-9cf0-e7acc9cc4098,b6273b76-69c8-4f1f-bdbe-82de27008cb3,1,1685542541000
4cffded0-941d-4c49-bb92-d45a580d2dc5,1d734b19-bdf8-45b2-93e9-b5321f5c7940,2,1677481744000
de1ba6ec-48fa-4888-bf23-e3b8bdcdcff5,1d734b19-bdf8-45b2-93e9-b5321f5c7940,5,1673401663000
d509eaa4-24b1-41e3-b1a4-aa2e1b2f7d03,b6273b76-69c8-4f1f-bdbe-82de27008cb3,1,1686074257000
11062c2d-0ed0-405a-a19a-14d82bcada42,1d734b19-bdf8-45b2-93e9-b5321f5c7940,1,1684318338000
6f0d48a4-84c1-4252-9f6b-e71774cf0a1c,3e1ee272-3228-4cf0-9d74-663527cef0ac,5,1681893364000
8777c314-75d8-4883-a221-5c5606623ced,b6273b76-69c8-4f1f-bdbe-82de27008cb3,2,1682320398000
1acb0529-5819-41a0-bdfb-987a6459e039,b6273b76-69c8-4f1f-bdbe-82de27008cb3,3,1681144153000
1c3f1cdf-419c-4109-8f82-3882627cad0f,b6273b76-69c8-4f1f-bdbe-82de27008cb3,1,1676534751000
5a8b8b5a-9f08-4920-8dfe-4a325ab5aad8,1d734b19-bdf8-45b2-93e9-b5321f5c7940,4,1675254702000
ba11e734-f989-43f7-9225-f3409c801f39,3e1ee272-3228-4cf0-9d74-663527cef0ac,4,1683972307000
ea8a4255-5be7-43ba-af53-0b47de1dbb4e,b6273b76-69c8-4f1f-bdbe-82de27008cb3,6,1683064298000
3ae752a0-94bf-4d70-855d-9b9a9be565d3,1d734b19-bdf8-45b2-93e9-b5321f5c7940,2,1683651651000
71030eed-0118-49a9-a059-d9e8e88120cd,b6273b76-69c8-4f1f-bdbe-82de27008cb3,4,1679155679000
e300c450-ef6b-4c71-872f-dc9f48bc2e10,3e1ee272-3228-4cf0-9d74-663527cef0ac,4,1679891564000
c7c3ecb6-420c-4e63-8fc9-56f0d32da899,3e1ee272-3228-4cf0-9d74-663527cef0ac,6,1681440583000
800e3f27-b50b-45aa-a680-1123b0e5ef77,b6273b76-69c8-4f1f-bdbe-82de27008cb3,5,1674700526000
415097ed-9e71-4c2a-8e66-c73e32da46f4,3e1ee272-3228-4cf0-9d74-663527cef0ac,5,1674376034000
5f696d36-dc74-4c7e-80df-fb042b7c7745,1d734b19-bdf8-45b2-93e9-b5321f5c7940,1,1684897861000
363e23a1-f68f-4454-bf70-bb8ce1e545cf,3e1ee272-3228-4cf0-9d74-663527cef0ac,2,1682084321000
c2d50689-0c8a-4dd2-837e-542f8a01c1ec,3e1ee272-3228-4cf0-9d74-663527cef0ac,6,1676916509000
c6c0738e-0db6-4542-8487-15833e3f7028,1d734b19-bdf8-45b2-93e9-b5321f5c7940,6,1673316211000
5cd8608c-94a1-4192-8719-0c288ad460b9,b6273b76-69c8-4f1f-bdbe-82de27008cb3,2,1678607010000
a6458a2a-1cae-46d4-be50-6e75467ac297,3e1ee272-3228-4cf0-9d74-663527cef0ac,1,1684568133000
09c84d93-c840-45c6-ad51-fc9db7171542,3e1ee272-3228-4cf0-9d74-663527cef0ac,2,1683035787000
10203023-dd64-4dc9-bd9a-1a3277310ffe,1d734b19-bdf8-45b2-93e9-b5321f5c7940,6,1682054401000
9d40a8dd-970f-4927-a82e-8deec55ffc69,3e1ee272-3228-4cf0-9d74-663527cef0ac,3,1679468570000
94086102-8eb5-4666-a6be-5714f621830b,1d734b19-bdf8-45b2-93e9-b5321f5c7940,4,1678652676000
e4d2b404-d6de-4f0c-bb9e-f7551babe7a6,3e1ee272-3228-4cf0-9d74-663527cef0ac,5,1676415983000
084f0322-c44f-45ad-a311-ef2209de3f6f,1d734b19-bdf8-45b2-93e9-b5321f5c7940,5,1680011926000
8b929393-5236-4e41-bf36-46e1e16b6c98,1d734b19-bdf8-45b2-93e9-b5321f5c7940,6,1680594818000
19b01396-520c-434e-9b4d-aa427ac4a9ba,b6273b76-69c8-4f1f-bdbe-82de27008cb3,1,1679731061000
ac514680-70c5-4008-8e26-8de8240fa220,b6273b76-69c8-4f1f-bdbe-82de27008cb3,5,1683374414000
bcd2d94d-2714-46f7-adf1-25516dcd7ef2,1d734b19-bdf8-45b2-93e9-b5321f5c7940,6,1684480022000
95e30abf-e669-48b3-b1dc-f1843441d76b,1d734b19-bdf8-45b2-93e9-b5321f5c7940,3,1682840195000
3e590a3c-4053-4738-9dd6-43b85edf8d65,b6273b76-69c8-4f1f-bdbe-82de27008cb3,6,1679317768000
89aa9195-f547-4e30-b0bb-e84e3078f778,3e1ee272-3228-4cf0-9d74-663527cef0ac,1,1681810207000
1b1ae065-f426-48b5-bea4-34906d2677b1,b6273b76-69c8-4f1f-bdbe-82de27008cb3,2,1680024409000
aea6c778-d125-433e-b736-f69f4a6eb616,3e1ee272-3228-4cf0-9d74-663527cef0ac,5,1676461262000
1f82c792-2ac3-458a-bebd-3d67ea88441f,b6273b76-69c8-4f1f-bdbe-82de27008cb3,3,1676361426000
74836b2b-79ad-4191-aae8-0ae02e7af9bb,1d734b19-bdf8-45b2-93e9-b5321f5c7940,4,1673884786000
6c47006b-f7b8-49b0-8f01-55004df33a8a,1d734b19-bdf8-45b2-93e9-b5321f5c7940,6,1680950515000
03b58d70-37c2-4eff-bd23-fffb96b403d4,b6273b76-69c8-4f1f-bdbe-82de27008cb3,1,1686597283000
32ea1645-ce45-4a7b-acad-5951b15a27b0,3e1ee272-3228-4cf0-9d74-663527cef0ac,3,1674996651000
3931baa2-37e5-45ff-8d04-c7bab315d1c7,1d734b19-bdf8-45b2-93e9-b5321f5c7940,3,1685352736000
32d085dd-99a0-4ace-8091-6d647b8bd783,3e1ee272-3228-4cf0-9d74-663527cef0ac,2,1677890822000
0fa1b4a8-af95-4575-8fc6-4a09153c9b48,1d734b19-bdf8-45b2-93e9-b5321f5c7940,3,1676210501000
48dcfeb6-2d3f-40b9-aef1-6778c4113877,b6273b76-69c8-4f1f-bdbe-82de27008cb3,6,1680704817000
c807279d-fcdd-4858-a9ba-2b76d54a32e9,3e1ee272-3228-4cf0-9d74-663527cef0ac,2,1672986417000
7bbb54b2-20ad-472b-b195-08fdb387a3d5,1d734b19-bdf8-45b2-93e9-b5321f5c7940,6,1680509258000
68a68be8-8f7d-4fe6-a9d7-b00f3524c5e7,1d734b19-bdf8-45b2-93e9-b5321f5c7940,5,1684961486000
6a264423-94c2-4ac0-9cce-eb0637c2af5c,b6273b76-69c8-4f1f-bdbe-82de27008cb3,4,1676220983000
72f42636-82a2-400d-b97b-142f984fdadf,1d734b19-bdf8-45b2-93e9-b5321f5c7940,5,1685367234000
5500f0ec-deeb-434d-896d-607e5b70232b,3e1ee272-3228-4cf0-9d74-663527cef0ac,6,1675429789000
8c3a7b17-af5e-4773-9f0d-a6297f7b29a1,3e1ee272-3228-4cf0-9d74-663527cef0ac,3,1683586664000
fb3e867c-754b-45fb-942d-36cd76518ea9,b6273b76-69c8-4f1f-bdbe-82de27008cb3,3,1673525341000
b4cf9839-dde0-4937-9a4d-cf4aa8454f17,3e1ee272-3228-4cf0-9d74-663527cef0ac,2,1675679649000
a0942b3b-62c2-4c3c-8f50-58172d697326,1d734b19-bdf8-45b2-93e9-b5321f5c7940,1,1684253812000
ce19f2a4-63bd-42be-9267-925defb8f282,1d734b19-bdf8-45b2-93e9-b5321f5c7940,6,1679665002000
12d90364-a67c-47a1-b677-2b515828a642,b6273b76-69c8-4f1f-bdbe-82de27008cb3,1,1684894292000
50789017-3b52-419a-beb6-a479e47d2529,1d734b19-bdf8-45b2-93e9-b5321f5c7940,3,1672746325000
b1d602cc-e44d-49b2-88e4-e4e9376e34c5,b6273b76-69c8-4f1f-bdbe-82de27008cb3,6,1686159700000
dd8c9dd8-330c-4ca9-bb62-0db0550b52cb,1d734b19-bdf8-45b2-93e9-b5321f5c7940,1,1676988756000
b9997e00-a4a7-42e9-98eb-10256b1993b3,b6273b76-69c8-4f1f-bdbe-82de27008cb3,5,1676089970000
6438308f-3acf-4cb2-bafa-5fe39dbb4fd3,1d734b19-bdf8-45b2-93e9-b5321f5c7940,4,1677621772000
18026c2e-5073-407f-87a8-19e611150f3f,3e1ee272-3228-4cf0-9d74-663527cef0ac,3,1678594982000
9bb335bd-53ec-48cf-bf80-db844a06b43d,3e1ee272-3228-4cf0-9d74-663527cef0ac,5,1684962283000
f56e91bb-fbb2-4171-a069-9466df0713d8,b6273b76-69c8-4f1f-bdbe-82de27008cb3,2,1674245876000
25843538-e51a-4598-bc5c-b7070b690870,b6273b76-69c8-4f1f-bdbe-82de27008cb3,6,1680191572000
f175e03b-f03e-4d5a-b437-7ff537887ca8,b6273b76-69c8-4f1f-bdbe-82de27008cb3,6,1678337694000
6ca63764-e21b-494d-8698-523ba7cbb21d,b6273b76-69c8-4f1f-bdbe-82de27008cb3,5,1673949205000
bb43eca2-abae-4900-af2c-434f37b485a9,1d734b19-bdf8-45b2-93e9-b5321f5c7940,1,1684330855000
5d0a73da-86b3-4c7d-a546-3cc297985c7b,1d734b19-bdf8-45b2-93e9-b5321f5c7940,4,1686422340000
1b3a3105-374e-4cf7-99ab-1c6c700bb6a1,3e1ee272-3228-4cf0-9d74-663527cef0ac,1,1682045658000
aa9d807e-1a75-481b-83e9-61e2e214ec20,b6273b76-69c8-4f1f-bdbe-82de27008cb3,1,1677393083000
3eac6397-6caa-4aa0-b80a-c08cbaa6cb31,3e1ee272-3228-4cf0-9d74-663527cef0ac,6,1685779977000
63d38c2a-01b1-433b-9253-a765705fbe06,1d734b19-bdf8-45b2-93e9-b5321f5c7940,5,1682698137000
1a3849a0-d496-4fe4-9d96-49524c99bf11,3e1ee272-3228-4cf0-9d74-663527cef0ac,2,1681720915000
ba418d4f-64b9-4a32-b986-d2532ce597d5,1d734b19-bdf8-45b2-93e9-b5321f5c7940,2,1674916813000
c0716d1f-8e45-4253-bab9-450a1712b2c7,b6273b76-69c8-4f1f-bdbe-82de27008cb3,4,1674483369000
bf79a60e-6b39-43c2-977b-bb7e298a9127,1d734b19-bdf8-45b2-93e9-b5321f5c7940,3,1673524065000
da58117a-d3e0-4917-8fec-b3413bdd292c,b6273b76-69c8-4f1f-bdbe-82de27008cb3,4,1684209726000
5c873832-9ce3-44cd-9c32-384dfc8d6793,3e1ee272-3228-4cf0-9d74-663527cef0ac,2,1681420535000
a3975605-b858-4ad4-b5e3-f00bf7be1118,3e1ee272-3228-4cf0-9d74-663527cef0ac,2,1686345401000
1acac567-4e77-413f-a0f1-44fce7d89299,1d734b19-bdf8-45b2-93e9-b5321f5c7940,2,1676229720000
c97e20c4-7ce7-415f-80c5-6fc4b71e90ea,1d734b19-bdf8-45b2-93e9-b5321f5c7940,4,1673970458000
86e096ed-3461-49e1-b4de-acc923db456a,b6273b76-69c8-4f1f-bdbe-82de27008cb3,2,1683807560000
c8897bde-08c3-46e2-8260-c88d70978f4d,1d734b19-bdf8-45b2-93e9-b5321f5c7940,1,1676442717000
3e60a62f-dd49-4a95-8cbc-ee3b10375cdb,1d734b19-bdf8-45b2-93e9-b5321f5c7940,6,1673423010000
b44dfc5e-20a5-4737-bff2-f7c99d506c84,1d734b19-bdf8-45b2-93e9-b5321f5c7940,2,1685125287000
922157cc-93b7-4216-9b71-f8482d1ac6cc,b6273b76-69c8-4f1f-bdbe-82de27008cb3,5,1683179871000
61d252c0-aa8a-468d-8984-64180bf693fc,b6273b76-69c8-4f1f-bdbe-82de27008cb3,4,1683773954000
d18dfed3-7f86-48f1-92a6-17b01b5e8f64,3e1ee272-3228-4cf0-9d74-663527cef0ac,2,1681058177000
ab788452-1a69-45cb-b982-c852bea304ae,1d734b19-bdf8-45b2-93e9-b5321f5c7940,5,1674800768000
0ea03233-e381-485c-bc87-fd40637390d2,b6273b76-69c8-4f1f-bdbe-82de27008cb3,5,1678352501000
b4b50494-d29f-4cf7-9096-4f647d5c34be,3e1ee272-3228-4cf0-9d74-663527cef0ac,2,1676461725000
62bff816-f5f8-42c1-8e86-aa7349ed3071,3e1ee272-3228-4cf0-9d74-663527cef0ac,4,1678681126000
6c6e8714-b64d-4811-992e-4d09b701f0c8,b6273b76-69c8-4f1f-bdbe-82de27008cb3,6,1685323946000
4fa8709a-172c-420f-a918-d2859f8256ab,b6273b76-69c8-4f1f-bdbe-82de27008cb3,2,1681044476000
68c7e7c6-8ce9-4f35-81e1-bf2d6d6b2f21,1d734b19-bdf8-45b2-93e9-b5321f5c7940,2,1676163992000
1db2b417-361b-4b82-a5c5-4e737e6cf757,1d734b19-bdf8-45b2-93e9-b5321f5c7940,4,1681642841000
b8049188-4c72-4f83-a6d4-9d378ff57389,1d734b19-bdf8-45b2-93e9-b5321f5c7940,5,1676853657000
14e3b93a-d9f8-416a-98c5-c39966051c87,1d734b19-bdf8-45b2-93e9-b5321f5c7940,3,1682628818000
3d7732a5-e3d0-4d8d-88a4-df937926a46d,b6273b76-69c8-4f1f-bdbe-82de27008cb3,1,1681110634000
b4e7a113-6dcf-4c42-aa0f-3597bee1eef0,3e1ee272-3228-4cf0-9d74-663527cef0ac,1,1678025306000
c7067042-6d95-446e-874a-4296f721deaf,3e1ee272-3228-4cf0-9d74-663527cef0ac,3,1678885731000
184b11c8-ed8d-4096-ad71-3d5222235e54,1d734b19-bdf8-45b2-93e9-b5321f5c7940,6,1679880001000
8ffbd0a7-1dcb-46b9-87b7-577d96958468,1d734b19-bdf8-45b2-93e9-b5321f5c7940,4,1684994484000
ceb9fd25-db72-492b-831f-8a28a1767d4b,b6273b76-69c8-4f1f-bdbe-82de27008cb3,4,1680989697000
c6f90996-1c11-49b8-924c-e3261edaa0ff,b6273b76-69c8-4f1f-bdbe-82de27008cb3,6,1683120777000
935b0471-b996-4912-8ce9-8d63f1582b30,3e1ee272-3228-4cf0-9d74-663527cef0ac,4,1679247193000
6808d4e8-6251-40fe-a6ae-e76ea914d0c6,1d734b19-bdf8-45b2-93e9-b5321f5c7940,3,1676010812000
885b091a-73d4-490a-8b9b-78e4d870bb02,1d734b19-bdf8-45b2-93e9-b5321f5c7940,1,1681436384000
00048f62-9441-45ad-a1b6-0064276c4d7b,1d734b19-bdf8-45b2-93e9-b5321f5c7940,1,1686132137000
0e6e72eb-2d55-4927-b434-7db8b6c28582,b6273b76-69c8-4f1f-bdbe-82de27008cb3,6,1676371840000
6b8e8a35-df4d-4ffd-a891-be1c6f7b6c73,3e1ee272-3228-4cf0-9d74-663527cef0ac,2,1677247801000
bf0c7837-0a14-43a4-8107-6c5b388c7b5f,3e1ee272-3228-4cf0-9d74-663527cef0ac,1,1679940980000
82bf6e75-4377-4f65-9620-636713bd892a,3e1ee272-3228-4cf0-9d74-663527cef0ac,5,1678173277000
474d22ce-19da-4079-8c8d-c56398aaafca,b6273b76-69c8-4f1f-bdbe-82de27008cb3,5,1675007111000
00d21900-035c-4594-b5a0-ce1ade7b0c2b,1d734b19-bdf8-45b2-93e9-b5321f5c7940,5,1679315356000
2d39467f-f924-48ec-9183-cd35200ad01a,b6273b76-69c8-4f1f-bdbe-82de27008cb3,4,1673898567000
3048d139-c5c7-4a88-b15d-36f30569ddca,1d734b19-bdf8-45b2-93e9-b5321f5c7940,6,1672962287000
ceae845d-725c-4b6d-8459-b82120b38d7d,b6273b76-69c8-4f1f-bdbe-82de27008cb3,6,1682676417000
f9b6b529-e4a5-4380-b671-11abc72d31f6,b6273b76-69c8-4f1f-bdbe-82de27008cb3,4,1684374062000
997c9b18-61a0-4823-b994-03a0c582545f,b6273b76-69c8-4f1f-bdbe-82de27008cb3,6,1685469630000
62b38140-ee9e-45f0-bae1-d85add09c897,3e1ee272-3228-4cf0-9d74-663527cef0ac,4,1673361233000
bf273d64-b689-40a4-9386-4bd4fd2d39f4,b6273b76-69c8-4f1f-bdbe-82de27008cb3,6,1674228516000
c4319661-5308-4187-8c25-4603c59ed170,b6273b76-69c8-4f1f-bdbe-82de27008cb3,2,1674574437000
66afadc4-5817-4aba-b875-5fd4d262ea55,1d734b19-bdf8-45b2-93e9-b5321f5c7940,5,1683478820000
e24b8866-4280-4f9f-803a-a6702334112c,1d734b19-bdf8-45b2-93e9-b5321f5c7940,3,1678208305000
015f6395-9ce1-417c-87bf-173087618574,3e1ee272-3228-4cf0-9d74-663527cef0ac,2,1674356089000
7c319b05-78c5-4582-b295-b33e1ab27786,3e1ee272-3228-4cf0-9d74-663527cef0ac,1,1678658377000
5c12d403-094a-46d6-a638-2cc67b5754ef,b6273b76-69c8-4f1f-bdbe-82de27008cb3,2,1682533290000
0ba5f6f1-a6f5-4047-ae4e-caaddb01d91f,1d734b19-bdf8-45b2-93e9-b5321f5c7940,1,1684651840000
88bfdb8b-58a5-45ac-8495-41a4b96340e2,1d734b19-bdf8-45b2-93e9-b5321f5c7940,2,1680304566000
95852ca2-343a-469f-87e1-2177c6f27696,1d734b19-bdf8-45b2-93e9-b5321f5c7940,1,1679449590000
aa9bc194-a333-4253-a8c8-410ff261ec39,1d734b19-bdf8-45b2-93e9-b5321f5c7940,4,1683824302000
98fd7015-b61c-4dd2-81e6-246f128a948c,b6273b76-69c8-4f1f-bdbe-82de27008cb3,1,1683475754000
7abba802-1218-4eb7-8424-f44049802510,3e1ee272-3228-4cf0-9d74-663527cef0ac,6,1680102982000
fd858f02-6ce5-44c6-9373-0d9ac0d14acb,b6273b76-69c8-4f1f-bdbe-82de27008cb3,1,1675890735000
d37fa33c-b304-46b9-837c-bb8dc8378d2f,1d734b19-bdf8-45b2-93e9-b5321f5c7940,1,1686357618000
c8a3ad3e-d273-41b9-b9ac-a31d038a8450,1d734b19-bdf8-45b2-93e9-b5321f5c7940,6,1680643844000
03a4cf44-d90a-4776-b98b-787638735c2e,3e1ee272-3228-4cf0-9d74-663527cef0ac,1,1685300927000
904670f6-45bf-4dc8-bddc-60da75f4c8a1,3e1ee272-3228-4cf0-9d74-663527cef0ac,6,1683177209000
804b36cc-1243-4dc3-a69d-3e71e6bee8a8,3e1ee272-3228-4cf0-9d74-663527cef0ac,4,1680653229000
c51bb8a4-c4d8-40ab-b839-81ca996b1f17,1d734b19-bdf8-45b2-93e9-b5321f5c7940,6,1675615403000
6e44fa2b-c865-4a8d-ab40-201a9871916a,b6273b76-69c8-4f1f-bdbe-82de27008cb3,2,1679040005000
21f34388-0826-4419-8e1a-b8302618c2c8,b6273b76-69c8-4f1f-bdbe-82de27008cb3,6,1683345649000
2b734b2f-e893-4aad-9290-b951c6a10d49,3e1ee272-3228-4cf0-9d74-663527cef0ac,6,1686624669000
674d4cea-04e6-4327-ae86-a255557b3d15,1d734b19-bdf8-45b2-93e9-b5321f5c7940,4,1674524042000
5439a81f-5df3-4ebf-bc53-4535b1504880,b6273b76-69c8-4f1f-bdbe-82de27008cb3,6,1683767406000
7ed4e01a-a0e0-41c5-b0ec-89eadfd561c6,b6273b76-69c8-4f1f-bdbe-82de27008cb3,5,1675535978000
4af19871-cb7a-4977-bde9-f4f037f6a65e,3e1ee272-3228-4cf0-9d74-663527cef0ac,2,1683993131000
91e3d063-31c3-411c-9e58-48bdb6fa9052,1d734b19-bdf8-45b2-93e9-b5321f5c7940,3,1679823784000
edbc77c7-ade5-4214-be00-611e74a6c9a1,1d734b19-bdf8-45b2-93e9-b5321f5c7940,5,1679233363000
b8d1a777-40f7-4978-96a5-9d8e3f178d83,b6273b76-69c8-4f1f-bdbe-82de27008cb3,6,1676220647000
433f8391-5053-4ccd-9d96-7e8a64319385,3e1ee272-3228-4cf0-9d74-663527cef0ac,5,1681021409000
60027ed4-af5e-417b-b934-bcd9fd4e0e56,1d734b19-bdf8-45b2-93e9-b5321f5c7940,5,1683469475000
b540df52-90c1-4abf-97e0-d1375e245ce5,1d734b19-bdf8-45b2-93e9-b5321f5c7940,1,1686261894000
1f12cb32-6a13-4a11-a0d8-9718edd7838f,b6273b76-69c8-4f1f-bdbe-82de27008cb3,6,1678653953000
9dbe7f43-c56d-42ea-be5b-d42b180455e8,b6273b76-69c8-4f1f-bdbe-82de27008cb3,5,1675316187000
d18943d8-2209-4818-8aa8-cc743661eaa3,b6273b76-69c8-4f1f-bdbe-82de27008cb3,2,1673921981000
bcd2af29-0ac7-4be8-9764-c9a2a6783865,b6273b76-69c8-4f1f-bdbe-82de27008cb3,2,1684549063000
e79c0263-c383-4fa6-9c5a-ffbc603b0bf8,b6273b76-69c8-4f1f-bdbe-82de27008cb3,6,1676145710000
975eb477-1140-4af1-83d9-fb3c2fa0b9dc,1d734b19-bdf8-45b2-93e9-b5321f5c7940,3,1672685015000
1d11f861-7ad6-48c5-823f-9f411e8b39aa,b6273b76-69c8-4f1f-bdbe-82de27008cb3,1,1685153167000
deb411a0-374c-475d-b73d-1330fb9b85a6,b6273b76-69c8-4f1f-bdbe-82de27008cb3,1,1686480100000
6f0a0971-66dc-4c21-abee-9adbfe343fde,b6273b76-69c8-4f1f-bdbe-82de27008cb3,6,1686777628000
81d8f56c-a819-48c7-9e8b-98fabda24fc4,1d734b19-bdf8-45b2-93e9-b5321f5c7940,1,1676961168000
bc585c53-f6a8-44cc-9d9a-0e46324bba2d,b6273b76-69c8-4f1f-bdbe-82de27008cb3,3,1679542257000
25f2481b-670d-4dc9-84c1-2aeb934634b3,1d734b19-bdf8-45b2-93e9-b5321f5c7940,2,1681899062000
65c00bdf-f2ea-4092-aafa-2d255ac2bee1,1d734b19-bdf8-45b2-93e9-b5321f5c7940,1,1682429981000
0a989f04-c2d1-4bdb-9a82-95aad8ee6ad2,b6273b76-69c8-4f1f-bdbe-82de27008cb3,3,1680714563000
75f9344f-533b-4771-8279-ada922baaab8,3e1ee272-3228-4cf0-9d74-663527cef0ac,6,1681581175000
64e9ebe1-423b-4c95-b88e-de946f1e5786,3e1ee272-3228-4cf0-9d74-663527cef0ac,3,1680783473000
3f68c2da-1941-4aab-9e6c-592c09cb8ec8,3e1ee272-3228-4cf0-9d74-663527cef0ac,5,1674257908000
47faf3e4-13f5-48db-b5a8-327001eb7a20,b6273b76-69c8-4f1f-bdbe-82de27008cb3,3,1676574182000
48b2c23c-016c-4886-9071-cf44c0fd1bfc,1d734b19-bdf8-45b2-93e9-b5321f5c7940,2,1685482346000
7e7afab5-d01e-4981-bc71-7bc8f35ff2d3,b6273b76-69c8-4f1f-bdbe-82de27008cb3,1,1674470160000
e62db9da-6253-4c89-bb0a-46b22f573c7d,b6273b76-69c8-4f1f-bdbe-82de27008cb3,3,1675664480000
b59f3938-50d1-4b5b-9645-2cd24c1b43bc,b6273b76-69c8-4f1f-bdbe-82de27008cb3,2,1682193027000
df0228ed-65dd-4c21-9286-df3e741a0985,1d734b19-bdf8-45b2-93e9-b5321f5c7940,3,1679580521000
6b5c27f3-327b-40b0-8ea7-af1dddbdf977,b6273b76-69c8-4f1f-bdbe-82de27008cb3,5,1675833204000
47dfc49b-d9d6-45c1-87fa-d3ea3fe2fc9f,b6273b76-69c8-4f1f-bdbe-82de27008cb3,1,1682924295000
bc236dfc-3492-41fb-b77e-77be4d7fd234,1d734b19-bdf8-45b2-93e9-b5321f5c7940,6,1681366856000
7007dad3-fe23-418f-9720-be857baf369c,3e1ee272-3228-4cf0-9d74-663527cef0ac,6,1684428325000
ca661828-f53d-4dd3-9f0b-8c8692c48403,1d734b19-bdf8-45b2-93e9-b5321f5c7940,4,1676295048000
c31878da-cc1a-4351-876b-f87323fdc7b8,3e1ee272-3228-4cf0-9d74-663527cef0ac,2,1678364646000
b3f32adf-6c7a-41ec-97f1-3638f376a735,b6273b76-69c8-4f1f-bdbe-82de27008cb3,4,1676876175000
d299a41c-08d4-41be-a7ea-0a01b5e274e3,3e1ee272-3228-4cf0-9d74-663527cef0ac,5,1682775560000
022a1fc9-bf68-4ed9-9f8b-2f7a42b77cd8,b6273b76-69c8-4f1f-bdbe-82de27008cb3,3,1684983880000
a0a5eaed-d6c9-42c0-98bc-c3b7d4215643,b6273b76-69c8-4f1f-bdbe-82de27008cb3,6,1686756145000
38a12b17-cf32-465f-a53e-8a3cf5946c56,3e1ee272-3228-4cf0-9d74-663527cef0ac,2,1673296810000
dc8acdc0-bbcf-4cbe-b790-909fd443a91e,1d734b19-bdf8-45b2-93e9-b5321f5c7940,2,1681701810000
2408e783-613a-43f6-a587-023f22634178,b6273b76-69c8-4f1f-bdbe-82de27008cb3,2,1674848629000
33ee0758-96f2-4446-9ea7-bfad1476a10d,3e1ee272-3228-4cf0-9d74-663527cef0ac,5,1681251552000
67fc9925-107e-4aeb-a386-35f7c31083d2,3e1ee272-3228-4cf0-9d74-663527cef0ac,4,1677852618000
a6bef322-3395-43e5-8de8-a0380fbbd47d,1d734b19-bdf8-45b2-93e9-b5321f5c7940,2,1685922646000
65be62b4-a38c-4661-a08b-bc8a3b66a5cf,1d734b19-bdf8-45b2-93e9-b5321f5c7940,5,1685576101000
7ed2b21e-d1ab-4ff9-b828-bd875582e5c7,3e1ee272-3228-4cf0-9d74-663527cef0ac,5,1678068490000
c81c1c3b-92c2-45a3-9380-46b9a7b93891,b6273b76-69c8-4f1f-bdbe-82de27008cb3,4,1676619466000
7e7ea117-453b-40ad-b93c-26fbcdc793cc,b6273b76-69c8-4f1f-bdbe-82de27008cb3,5,1673427084000
9ec9fc89-917e-4be5-8bbc-762b0bc0b3a4,3e1ee272-3228-4cf0-9d74-663527cef0ac,2,1675598938000
43a89338-428a-41ed-ac83-f622f783c622,1d734b19-bdf8-45b2-93e9-b5321f5c7940,2,1675498971000
c5f12205-f01c-404d-81fa-f7221020fd21,1d734b19-bdf8-45b2-93e9-b5321f5c7940,2,1674124298000
35e8aa37-3fc5-45d2-bcf8-69416ba3e807,1d734b19-bdf8-45b2-93e9-b5321f5c7940,3,1672579895000
39b51ef3-53a0-4b11-b2c9-b5ec6141ef73,b6273b76-69c8-4f1f-bdbe-82de27008cb3,2,1679990760000
68907889-b397-45ef-865b-6fa20c589809,3e1ee272-3228-4cf0-9d74-663527cef0ac,5,1679308404000
6e965be0-c6a7-4623-b128-cd4e366fc949,3e1ee272-3228-4cf0-9d74-663527cef0ac,6,1678789271000
0e9a191c-b8c2-4cf2-a2aa-5dd861e38054,b6273b76-69c8-4f1f-bdbe-82de27008cb3,2,1673935619000
10716670-75d8-4e5a-9d99-6f70514e30ab,3e1ee272-3228-4cf0-9d74-663527cef0ac,3,1682734956000
430603db-ea93-4637-9ffd-603f51f6fcfd,b6273b76-69c8-4f1f-bdbe-82de27008cb3,1,1680073246000
7b01358f-20dd-4a36-a477-b8f54bf4c88a,1d734b19-bdf8-45b2-93e9-b5321f5c7940,6,1678856067000
0c872b0b-6b8c-4646-811f-0006fa3dbd76,b6273b76-69c8-4f1f-bdbe-82de27008cb3,4,1673285576000
0aa400b2-3409-4636-ba18-0dbb2d77bf0d,b6273b76-69c8-4f1f-bdbe-82de27008cb3,4,1682857882000
7777f4c1-7a90-4d2f-9744-326d50b5c2f8,1d734b19-bdf8-45b2-93e9-b5321f5c7940,3,1682041820000
a3b4299d-629b-4805-a2d8-9225933a9c51,b6273b76-69c8-4f1f-bdbe-82de27008cb3,2,1679568342000
10ad4de4-4795-450f-a76b-cfdbfa248a36,1d734b19-bdf8-45b2-93e9-b5321f5c7940,3,1674141439000
5dd898f1-9a32-4de1-81f6-14127c0fac80,1d734b19-bdf8-45b2-93e9-b5321f5c7940,6,1678793181000
4cbf99ce-f0df-498f-b713-5e1339bb44f2,b6273b76-69c8-4f1f-bdbe-82de27008cb3,4,1673216209000
df9d19ff-8109-4b5c-8dae-3fb9d0fcff7c,3e1ee272-3228-4cf0-9d74-663527cef0ac,4,1674519917000
3b42f243-0a67-4a5d-aa67-90b6474dc9b6,1d734b19-bdf8-45b2-93e9-b5321f5c7940,3,1683620779000
c0820145-3e47-423f-973c-171592e4f45a,1d734b19-bdf8-45b2-93e9-b5321f5c7940,3,1683200428000
62111ffe-7d5b-4430-a3c2-508566ef5258,3e1ee272-3228-4cf0-9d74-663527cef0ac,3,1676575944000
79c39ed1-7f37-4de7-8b8a-f07a1a8806d4,3e1ee272-3228-4cf0-9d74-663527cef0ac,5,1673168814000
171fab73-59a8-4bf1-87a2-7eca3380a8aa,1d734b19-bdf8-45b2-93e9-b5321f5c7940,2,1673994348000
80efac04-4e1f-4230-811c-252813c3f0c6,3e1ee272-3228-4cf0-9d74-663527cef0ac,2,1676368802000
df150a05-e95f-45ab-956b-6ccedad6da85,3e1ee272-3228-4cf0-9d74-663527cef0ac,5,1680924128000
851c1d11-e774-4e23-b143-10c89ec40806,1d734b19-bdf8-45b2-93e9-b5321f5c7940,5,1685135263000
dc1cda1c-9bdd-4886-923e-0e99307a8d22,3e1ee272-3228-4cf0-9d74-663527cef0ac,1,1677357519000
174abcef-0e6d-4852-a186-3d985637190b,b6273b76-69c8-4f1f-bdbe-82de27008cb3,1,1674170693000
fa72f1a6-46e5-431f-b4b0-3526dd89ae5b,3e1ee272-3228-4cf0-9d74-663527cef0ac,4,1680375901000
c78ca002-b6c7-47e3-b457-b908c0bc2bf4,1d734b19-bdf8-45b2-93e9-b5321f5c7940,6,1677223234000
1df946f2-0a9f-4b3f-b3f7-d0180e02ce82,1d734b19-bdf8-45b2-93e9-b5321f5c7940,3,1675673680000
31eeec65-b21a-4042-ae0f-04fba4eb7e5f,1d734b19-bdf8-45b2-93e9-b5321f5c7940,6,1672877619000
51540f48-98dc-4688-aa3f-79f56359d4f0,1d734b19-bdf8-45b2-93e9-b5321f5c7940,2,1683088601000
a16d3633-6b6b-4e29-a28e-58e344f84427,1d734b19-bdf8-45b2-93e9-b5321f5c7940,1,1677235939000
e20e028c-6905-4dc8-9a3c-3d0de1f44ab7,b6273b76-69c8-4f1f-bdbe-82de27008cb3,5,1678017374000
95353f2d-54f3-4638-8d9f-282a618657b2,b6273b76-69c8-4f1f-bdbe-82de27008cb3,3,1684584147000
7c4810b5-116f-4dc4-8d05-46a575b5705e,1d734b19-bdf8-45b2-93e9-b5321f5c7940,4,1681267207000
f9f8756f-55d6-4086-82a9-61a7b472aef1,1d734b19-bdf8-45b2-93e9-b5321f5c7940,3,1684270090000
f222fe91-74f5-4540-844e-9989ccfc1314,1d734b19-bdf8-45b2-93e9-b5321f5c7940,2,1676011632000
cd0d6531-d28f-4fa4-8748-6e9e72ba7026,b6273b76-69c8-4f1f-bdbe-82de27008cb3,2,1673766612000
69787eb5-3ac1-4302-8fac-f4fcf9f9df72,b6273b76-69c8-4f1f-bdbe-82de27008cb3,2,1680583584000
86b011d0-7b7c-423f-bd49-9c6ad31df6c2,3e1ee272-3228-4cf0-9d74-663527cef0ac,6,1678047251000
5f30ae45-9f7b-4fdb-ad69-91a3ebdc1efe,3e1ee272-3228-4cf0-9d74-663527cef0ac,3,1681778625000
548d92f9-9d37-49ed-9e6c-baa7a2d11277,3e1ee272-3228-4cf0-9d74-663527cef0ac,1,1680825829000
a7b202b8-9872-4c89-8ddc-d1973108c300,1d734b19-bdf8-45b2-93e9-b5321f5c7940,1,1677274270000
e438b5a4-20c8-4b09-9f36-d4fb6500313e,1d734b19-bdf8-45b2-93e9-b5321f5c7940,1,1685380273000
68321d61-641e-4071-8bd1-adf1d85950fc,3e1ee272-3228-4cf0-9d74-663527cef0ac,6,1684597641000
5cbb8e2c-e92f-48cc-abf3-ee62d7978a32,b6273b76-69c8-4f1f-bdbe-82de27008cb3,1,1685195313000
cf856d00-981d-4784-a3e7-5fe1dfce7716,3e1ee272-3228-4cf0-9d74-663527cef0ac,6,1679380676000
b3872646-7d47-4ede-ba24-80ebe424d400,b6273b76-69c8-4f1f-bdbe-82de27008cb3,3,1680429889000
61355676-bd6a-4173-99dc-d2604dfea0be,b6273b76-69c8-4f1f-bdbe-82de27008cb3,1,1684403476000
9c88ee48-a922-4ff5-9e60-c30d33ec5cbc,b6273b76-69c8-4f1f-bdbe-82de27008cb3,4,1673836175000
e4dabdc5-aa72-410a-8d1a-cfe512d9421c,b6273b76-69c8-4f1f-bdbe-82de27008cb3,6,1676978116000
f802ff22-a73e-425b-828a-f0b04577c704,3e1ee272-3228-4cf0-9d74-663527cef0ac,3,1679570127000
3989506e-1ef5-44d0-bc1f-fd1f93db314b,b6273b76-69c8-4f1f-bdbe-82de27008cb3,2,1683521307000
ca6da0e6-07f1-44cd-b5fb-93180f8baf4e,1d734b19-bdf8-45b2-93e9-b5321f5c7940,2,1685759117000
4ad364f6-eb9a-487a-9af4-2474f1cdf900,3e1ee272-3228-4cf0-9d74-663527cef0ac,1,1673014057000
fbd38ba3-9885-4273-8c9e-f9abaacfa4f9,3e1ee272-3228-4cf0-9d74-663527cef0ac,1,1680569281000
50749609-e457-439f-ab1b-71ce3b1c92ef,3e1ee272-3228-4cf0-9d74-663527cef0ac,2,1685758817000
2b8b328a-9e5e-4832-9a38-fe3f58812426,3e1ee272-3228-4cf0-9d74-663527cef0ac,2,1675247185000
f89f4e74-6aab-49be-9a39-679f68e09eba,b6273b76-69c8-4f1f-bdbe-82de27008cb3,5,1682504739000
dedf569a-4f74-4842-a934-580cf0c1c858,1d734b19-bdf8-45b2-93e9-b5321f5c7940,1,1673910557000
3176ccc1-50fd-4530-9087-33dda84c46da,3e1ee272-3228-4cf0-9d74-663527cef0ac,2,1681147571000
b9ed5938-712b-4dba-b079-3e62082c4d9f,3e1ee272-3228-4cf0-9d74-663527cef0ac,4,1677404870000
cbd6ba0a-4edf-4c02-84a1-51e956aae799,1d734b19-bdf8-45b2-93e9-b5321f5c7940,3,1684218632000
46ebc9ed-7885-405e-8b6d-f2efb032e10e,1d734b19-bdf8-45b2-93e9-b5321f5c7940,5,1685385081000
00bfae08-966d-4e02-ab44-5ddce6e7dee2,1d734b19-bdf8-45b2-93e9-b5321f5c7940,6,1686107023000
4123903e-83d3-465e-a1b3-3ffe7c6aee20,b6273b76-69c8-4f1f-bdbe-82de27008cb3,3,1682261146000
f9368763-93c1-4551-bdb2-c1de7dd2a0cf,3e1ee272-3228-4cf0-9d74-663527cef0ac,3,1674702186000
d1ea9cb6-cab3-474d-bb45-bb11c49973e0,1d734b19-bdf8-45b2-93e9-b5321f5c7940,1,1681174997000
84521662-f1ed-4438-b10d-e688da215319,1d734b19-bdf8-45b2-93e9-b5321f5c7940,6,1672808757000
f9d5a003-af6c-4bf4-8692-5de143c70506,3e1ee272-3228-4cf0-9d74-663527cef0ac,3,1680073149000
576f896f-f5da-43bb-8a86-141c542d175f,b6273b76-69c8-4f1f-bdbe-82de27008cb3,4,1680480640000
ed1482ee-4c26-47c7-9909-0c69e955b29b,3e1ee272-3228-4cf0-9d74-663527cef0ac,1,1673649225000
ae5313a0-2c1b-45ed-8fd5-96da71431535,b6273b76-69c8-4f1f-bdbe-82de27008cb3,5,1674567151000
ad963633-4d84-45c3-bffe-d6673b8762b9,3e1ee272-3228-4cf0-9d74-663527cef0ac,4,1684862405000
3275598e-3b76-49be-afcc-b373ee598992,1d734b19-bdf8-45b2-93e9-b5321f5c7940,2,1683052492000
818f5b65-7d2a-48d5-9bee-e81cbcf8716b,1d734b19-bdf8-45b2-93e9-b5321f5c7940,2,1682507487000
8025977a-060f-422d-a893-c95e19af4410,b6273b76-69c8-4f1f-bdbe-82de27008cb3,1,1685601442000
224665c5-5b72-48a3-acbe-270338a3fcb7,b6273b76-69c8-4f1f-bdbe-82de27008cb3,1,1686336623000
a96d6dc2-a7c7-4c78-b548-305a6fb994d2,3e1ee272-3228-4cf0-9d74-663527cef0ac,4,1676903864000
b7d74a51-0ef2-4ddb-9353-d8946d7d07e6,1d734b19-bdf8-45b2-93e9-b5321f5c7940,5,1680877172000
adb3505d-d928-4a6f-93f7-3e263c652b75,b6273b76-69c8-4f1f-bdbe-82de27008cb3,3,1682004354000
a4d3f0cf-243f-4bd5-9fd5-a3cd2ff301e9,3e1ee272-3228-4cf0-9d74-663527cef0ac,3,1679473880000
dd639ae2-b9b8-48de-952c-af4503b130fb,b6273b76-69c8-4f1f-bdbe-82de27008cb3,6,1675871842000
b65b3251-9186-4e54-b5cd-9389421b83ac,3e1ee272-3228-4cf0-9d74-663527cef0ac,2,1684927117000
42de5bca-8192-456f-b0f5-d5357e0e552d,1d734b19-bdf8-45b2-93e9-b5321f5c7940,1,1674963990000
e3e40702-e124-49fe-81b7-1c61ecec52db,b6273b76-69c8-4f1f-bdbe-82de27008cb3,6,1680753475000
f8604bea-5922-4789-9ef1-fada0f996b84,b6273b76-69c8-4f1f-bdbe-82de27008cb3,2,1678470413000
6473f29b-f735-40fa-89b1-a2bb471e9616,3e1ee272-3228-4cf0-9d74-663527cef0ac,3,1686761306000
95d669f3-fc8a-40e6-b3fe-41f9c4f8a579,3e1ee272-3228-4cf0-9d74-663527cef0ac,1,1680208550000
ede34185-89e4-4617-8f09-2e8e10e628d8,1d734b19-bdf8-45b2-93e9-b5321f5c7940,5,1675516521000
34f5e0d9-7dbf-47e2-a8b9-9957fbce06ca,b6273b76-69c8-4f1f-bdbe-82de27008cb3,6,1681716967000
da09be83-c73c-4043-9b3d-433ddae5071d,1d734b19-bdf8-45b2-93e9-b5321f5c7940,3,1674648765000
810457ec-7c2d-4dad-853f-36f67ad11918,b6273b76-69c8-4f1f-bdbe-82de27008cb3,6,1685610959000
8313539d-c19a-4bdf-ba05-77050e554808,1d734b19-bdf8-45b2-93e9-b5321f5c7940,4,1674637235000
1f386d28-e850-413f-a7c2-b1dee6d7119e,1d734b19-bdf8-45b2-93e9-b5321f5c7940,1,1686667116000
45b1bb43-e444-4b30-8a4b-b9fbf52b3ddd,b6273b76-69c8-4f1f-bdbe-82de27008cb3,3,1680731866000
2104f1ad-3f75-43a2-9054-72ecfb8d1460,3e1ee272-3228-4cf0-9d74-663527cef0ac,5,1672641276000
768826a4-91e7-40d1-8be0-431c47b05158,1d734b19-bdf8-45b2-93e9-b5321f5c7940,1,1676561997000
decfbd3f-aeeb-46d4-ade4-b9822cbf771e,3e1ee272-3228-4cf0-9d74-663527cef0ac,5,1677879155000
4471d321-b9f9-49a5-b804-28b8a18e56d5,b6273b76-69c8-4f1f-bdbe-82de27008cb3,5,1677294945000
069d7c19-5143-4e89-9549-8104f749830f,b6273b76-69c8-4f1f-bdbe-82de27008cb3,6,1673570436000
ed0073a8-4ce7-4686-975e-333252cab573,1d734b19-bdf8-45b2-93e9-b5321f5c7940,1,1675322647000
f6cdf6f7-0f0e-4901-9526-a722290e38eb,b6273b76-69c8-4f1f-bdbe-82de27008cb3,1,1673487875000
23c6b7cd-8e69-460b-9994-70562671604f,3e1ee272-3228-4cf0-9d74-663527cef0ac,2,1673041953000
ed67e943-0206-4c2b-a367-c9296162259d,3e1ee272-3228-4cf0-9d74-663527cef0ac,5,1675654904000
70c86d11-60ec-426d-9017-113994d532e2,3e1ee272-3228-4cf0-9d74-663527cef0ac,3,1684208076000
6cc59919-3a48-435f-8de4-d2d8c8bd976f,b6273b76-69c8-4f1f-bdbe-82de27008cb3,2,1680394069000
cd150743-57cb-4aa0-b28c-dcc7f7cc261d,3e1ee272-3228-4cf0-9d74-663527cef0ac,6,1677015452000
d1263f83-6108-4112-9aa4-d80e3c5ad638,b6273b76-69c8-4f1f-bdbe-82de27008cb3,4,1673307525000
3c144fd8-a640-40c6-bd28-7ab55ae0ed8f,1d734b19-bdf8-45b2-93e9-b5321f5c7940,6,1678896413000
4b32d945-a64f-4d45-be06-9b560a7dcc47,1d734b19-bdf8-45b2-93e9-b5321f5c7940,5,1683667943000
5a26798c-96bb-4c39-b2bf-13cc752cdbed,1d734b19-bdf8-45b2-93e9-b5321f5c7940,3,1682134512000
3016a144-9e60-4ee6-98f6-a043324014bf,1d734b19-bdf8-45b2-93e9-b5321f5c7940,3,1686152434000
0f938cc5-4f48-4f6c-b2a7-22571b85b08b,1d734b19-bdf8-45b2-93e9-b5321f5c7940,1,1681469465000
89d988c7-c5b1-4a03-87dd-f57e6c020631,1d734b19-bdf8-45b2-93e9-b5321f5c7940,3,1679068349000
9376107a-6aa6-43d0-a410-9e438491a8f8,1d734b19-bdf8-45b2-93e9-b5321f5c7940,1,1684000636000
7cf43ead-7e9e-43ee-9af4-bb3a68e0a957,b6273b76-69c8-4f1f-bdbe-82de27008cb3,5,1681450568000
4e412470-bd25-4e9e-bdce-8634a45424d1,b6273b76-69c8-4f1f-bdbe-82de27008cb3,6,1682634570000
2e1fa4db-ed8d-4c20-8c5e-00ccabb98683,3e1ee272-3228-4cf0-9d74-663527cef0ac,1,1683178660000
95e538ad-93c2-4b55-889c-a1978cb74296,1d734b19-bdf8-45b2-93e9-b5321f5c7940,5,1680379260000
7749ede9-0020-4cc0-ae80-2fae0424fc4a,b6273b76-69c8-4f1f-bdbe-82de27008cb3,2,1673304655000
a56cee85-3b98-4c87-bb4d-d09558f54bf4,1d734b19-bdf8-45b2-93e9-b5321f5c7940,2,1672553486000
642fabfe-7c86-4600-ad4f-c25cfff80aca,3e1ee272-3228-4cf0-9d74-663527cef0ac,1,1673970742000
34db69f0-8f6f-487e-8478-e20b45b442e4,1d734b19-bdf8-45b2-93e9-b5321f5c7940,6,1678037427000
cb528de7-775d-40d4-828e-9230e29998e8,b6273b76-69c8-4f1f-bdbe-82de27008cb3,6,1672536026000
ecf4d579-3f2b-4a9c-9081-2030b1474b18,1d734b19-bdf8-45b2-93e9-b5321f5c7940,2,1673687609000
f20b46f8-7c76-40d7-8a8c-4bdc1ef1b3d2,b6273b76-69c8-4f1f-bdbe-82de27008cb3,3,1684925834000
500b37e4-63f0-4af3-8c1d-0a79a0009a2b,3e1ee272-3228-4cf0-9d74-663527cef0ac,5,1684672210000
a615ee26-5e03-471f-8421-43706066105d,b6273b76-69c8-4f1f-bdbe-82de27008cb3,4,1686740063000
fd2c155f-db1f-4c5e-b15d-370b8ec3be66,b6273b76-69c8-4f1f-bdbe-82de27008cb3,6,1681390819000
a5337923-e10a-4d36-9cac-88f528b98f9c,b6273b76-69c8-4f1f-bdbe-82de27008cb3,3,1686620287000
b264624a-738f-4add-a3e0-8a1bbf86835b,b6273b76-69c8-4f1f-bdbe-82de27008cb3,2,1683361283000
4419c831-0434-407b-af7d-9f5fe0d3e6ba,3e1ee272-3228-4cf0-9d74-663527cef0ac,4,1682243665000
2a43e53a-1ae3-4f0a-8c6d-e859fbb64e20,1d734b19-bdf8-45b2-93e9-b5321f5c7940,1,1674936296000
d4dbb346-fdb6-43cb-bd81-81d4cd0594dd,1d734b19-bdf8-45b2-93e9-b5321f5c7940,4,1685704645000
6860dce9-6057-4d39-9f3d-440df4087aa3,b6273b76-69c8-4f1f-bdbe-82de27008cb3,2,1675140051000
ba9627fe-3512-41ef-b058-d9995035f24c,b6273b76-69c8-4f1f-bdbe-82de27008cb3,6,1680759733000
fdd018e9-f243-41b0-97d7-dfbac5cf4c11,b6273b76-69c8-4f1f-bdbe-82de27008cb3,3,1686360802000
7672bfda-6a9b-4a42-8a56-0bfa4f757993,1d734b19-bdf8-45b2-93e9-b5321f5c7940,2,1679600463000
7a722d3e-6a42-41c4-ac5e-7453f7dba213,3e1ee272-3228-4cf0-9d74-663527cef0ac,2,1677031890000
3e12765f-9f60-44c6-b207-ccd662872c99,3e1ee272-3228-4cf0-9d74-663527cef0ac,1,1682160807000
dcf1ffac-2bba-486f-a363-2d8f529021de,b6273b76-69c8-4f1f-bdbe-82de27008cb3,3,1676017578000
324c0e84-d237-4c16-831b-c132712b3c4d,b6273b76-69c8-4f1f-bdbe-82de27008cb3,5,1683236398000
6bf6fd99-288e-4e71-b3a3-b4dcfe2f4326,b6273b76-69c8-4f1f-bdbe-82de27008cb3,1,1677190256000
63cfdc99-be92-4264-90cb-2d9174df3e7f,1d734b19-bdf8-45b2-93e9-b5321f5c7940,1,1673599777000
b8917f4d-7bc5-4750-afaf-2d34ab44fd1e,1d734b19-bdf8-45b2-93e9-b5321f5c7940,1,1672939520000
df1890e5-4873-4e63-bd5f-2b9163d5e131,1d734b19-bdf8-45b2-93e9-b5321f5c7940,1,1676745787000
5e4b40a5-0e27-4e37-ae77-a5e32bb05a13,3e1ee272-3228-4cf0-9d74-663527cef0ac,4,1674238493000
19e498c1-a0f0-4dd9-8d65-1fb0f069cf24,1d734b19-bdf8-45b2-93e9-b5321f5c7940,4,1680398667000
7734b482-95be-4cdd-a3ff-cb3fcb23bafc,1d734b19-bdf8-45b2-93e9-b5321f5c7940,1,1674089519000
32da7272-eb5a-4d9a-b109-e5fd28bca133,b6273b76-69c8-4f1f-bdbe-82de27008cb3,2,1682081510000
870dd73b-85d8-48f0-a097-ca2ec234570b,b6273b76-69c8-4f1f-bdbe-82de27008cb3,2,1674276619000
82d45a8a-3be2-4f64-8c80-ff5cab663182,3e1ee272-3228-4cf0-9d74-663527cef0ac,3,1674111622000
7af6e336-f248-4e42-88ed-20b13749c6c7,3e1ee272-3228-4cf0-9d74-663527cef0ac,1,1684931749000
2854b1a8-4f0c-415e-93bf-8428d417acbc,b6273b76-69c8-4f1f-bdbe-82de27008cb3,1,1674447990000
b9530220-d145-4534-8cda-c6762888a2db,1d734b19-bdf8-45b2-93e9-b5321f5c7940,3,1675036312000
4e42167d-6757-4159-82fd-c368bd951fab,b6273b76-69c8-4f1f-bdbe-82de27008cb3,6,1677762261000
aac977d7-eaaf-4780-8eda-d7e4395f33ae,b6273b76-69c8-4f1f-bdbe-82de27008cb3,2,1686836937000
0e56dcbb-368d-4786-a7d0-892207deb9fc,b6273b76-69c8-4f1f-bdbe-82de27008cb3,6,1677280287000
f76d4cfc-d0cd-4206-a1fd-34fd96f38a58,b6273b76-69c8-4f1f-bdbe-82de27008cb3,5,1685001448000
2031f4a2-1fd2-4a21-a0ad-fda1785aaf1e,3e1ee272-3228-4cf0-9d74-663527cef0ac,2,1686069513000
6c7fe67c-db18-4999-bada-aced1605ef90,3e1ee272-3228-4cf0-9d74-663527cef0ac,6,1674615414000
95d5c109-9991-4c42-afc8-f574a8ca8add,b6273b76-69c8-4f1f-bdbe-82de27008cb3,5,1677527994000
272d860a-fcbb-4874-b098-6f4be4320f6d,b6273b76-69c8-4f1f-bdbe-82de27008cb3,6,1672967114000
c87b5f1c-b147-40a9-99b5-a5492a72280f,1d734b19-bdf8-45b2-93e9-b5321f5c7940,2,1684382215000
b8570235-7cf4-48e0-b8ec-c7714002cb2b,3e1ee272-3228-4cf0-9d74-663527cef0ac,6,1675970053000
e7a1cfad-a940-4e96-9925-68dde224f2aa,3e1ee272-3228-4cf0-9d74-663527cef0ac,2,1677154335000
e5fceca8-5917-47e3-b934-05c28e815d86,3e1ee272-3228-4cf0-9d74-663527cef0ac,6,1683165049000
a5607394-a675-418b-84fb-9e3bcd85de16,3e1ee272-3228-4cf0-9d74-663527cef0ac,6,1684780392000
182208a8-cd15-4450-87e3-c64dfb5d1e9d,3e1ee272-3228-4cf0-9d74-663527cef0ac,4,1682831890000
bde25b85-827d-421c-8b29-25c3f815e1dc,1d734b19-bdf8-45b2-93e9-b5321f5c7940,2,1677527853000
f5cfad80-0f79-42b2-85ad-3eb2901c0d21,b6273b76-69c8-4f1f-bdbe-82de27008cb3,1,1673091521000
97a238a8-e372-45a0-860f-0c1a4f5cbae0,b6273b76-69c8-4f1f-bdbe-82de27008cb3,5,1673486106000
df8aa0ba-2017-4999-a908-ffefef694f72,1d734b19-bdf8-45b2-93e9-b5321f5c7940,3,1677475750000
2a376445-a8ec-49a7-bf9f-a57f1129f04b,1d734b19-bdf8-45b2-93e9-b5321f5c7940,3,1683003388000
e5a23904-20d5-4806-b898-327515fa2fda,b6273b76-69c8-4f1f-bdbe-82de27008cb3,3,1675459878000
6bb7ee8b-12b8-4559-b522-8a2ea451b79e,b6273b76-69c8-4f1f-bdbe-82de27008cb3,2,1676965006000
77cae806-4ec3-4e37-838a-5454af2f3952,3e1ee272-3228-4cf0-9d74-663527cef0ac,6,1676022236000
1330b3a6-19c0-4a15-9d34-fd254f1478f7,b6273b76-69c8-4f1f-bdbe-82de27008cb3,6,1684308884000
a5a86918-01be-425a-adfd-147c1c3a96da,b6273b76-69c8-4f1f-bdbe-82de27008cb3,6,1674724379000
7241a0a9-9bfb-41b1-ad31-688f56de0086,b6273b76-69c8-4f1f-bdbe-82de27008cb3,6,1682567568000
25cd6aeb-d49c-40a9-b2ba-860d2391f645,1d734b19-bdf8-45b2-93e9-b5321f5c7940,2,1675761052000
6ceed0ce-b3f8-40cb-80fc-c4923b5aac39,3e1ee272-3228-4cf0-9d74-663527cef0ac,2,1682508401000
a97b3e8c-1d96-44ec-a687-f65d3657630d,b6273b76-69c8-4f1f-bdbe-82de27008cb3,5,1686526226000
292cc238-f7f5-4bc1-8587-5d06b41cfb81,1d734b19-bdf8-45b2-93e9-b5321f5c7940,1,1683984906000
4abca760-2c86-43e0-9f48-e810a52250ef,3e1ee272-3228-4cf0-9d74-663527cef0ac,4,1682871609000
2ecd5bac-b298-4dc8-ba46-d49db35799a8,b6273b76-69c8-4f1f-bdbe-82de27008cb3,4,1683954167000
a1e00d8c-1bac-41b0-874e-440ae1250933,1d734b19-bdf8-45b2-93e9-b5321f5c7940,2,1681533517000
55ee40a3-1efe-469f-b3b3-979a8f7c50f8,b6273b76-69c8-4f1f-bdbe-82de27008cb3,1,1675800845000
948dcebc-c98d-4ec2-9cb5-b10576fdfc2f,3e1ee272-3228-4cf0-9d74-663527cef0ac,5,1678935982000
2510327c-7443-4d2b-b6ac-60bbabd591e4,b6273b76-69c8-4f1f-bdbe-82de27008cb3,1,1674258818000
14d187e3-9763-4cd8-8e98-7dc53bee80cc,b6273b76-69c8-4f1f-bdbe-82de27008cb3,6,1680653132000
068f8ec6-ebfe-489f-9f00-7e0bb8137ed9,1d734b19-bdf8-45b2-93e9-b5321f5c7940,1,1675811527000
284bf6f2-1369-413e-a36e-e6527a23d1f3,3e1ee272-3228-4cf0-9d74-663527cef0ac,2,1676793976000
c06ea54c-f133-47c4-a923-59413f900519,1d734b19-bdf8-45b2-93e9-b5321f5c7940,1,1676038918000
7446ef90-292d-4e6a-bfec-f8b3cdb2e499,1d734b19-bdf8-45b2-93e9-b5321f5c7940,1,1677479051000
e96f93e1-a2fc-49d0-9233-b3e7ce41a7c2,1d734b19-bdf8-45b2-93e9-b5321f5c7940,2,1686498561000
0419cc66-8859-460e-87d6-873be4913b8b,3e1ee272-3228-4cf0-9d74-663527cef0ac,2,1680557949000
d32f08f1-1598-47e7-9c09-b043fcbfc15a,1d734b19-bdf8-45b2-93e9-b5321f5c7940,3,1676542134000
6a32ae48-39a9-460d-80be-01b5e965c4dc,b6273b76-69c8-4f1f-bdbe-82de27008cb3,3,1676287022000
f3fca776-9069-4299-b76f-ffb933ceda37,3e1ee272-3228-4cf0-9d74-663527cef0ac,3,1679754228000
a234455d-f464-4c4a-a6c4-6bfddf29a2c1,b6273b76-69c8-4f1f-bdbe-82de27008cb3,6,1686013062000
941e6e85-c021-4304-8af5-3fca3af19105,b6273b76-69c8-4f1f-bdbe-82de27008cb3,6,1678571242000
535044d8-5aa1-4cd6-a4e4-d028289f3ab7,b6273b76-69c8-4f1f-bdbe-82de27008cb3,4,1680157201000
91e1b395-48a6-4387-918d-f0956178658e,1d734b19-bdf8-45b2-93e9-b5321f5c7940,3,1677072861000
9dce6a77-6288-4695-98c2-67b7b6fb09e9,3e1ee272-3228-4cf0-9d74-663527cef0ac,5,1675294450000
a68dd811-4b9f-4814-b752-45748e2a4a7a,1d734b19-bdf8-45b2-93e9-b5321f5c7940,1,1685418429000
72e43b41-8d82-4152-8893-be1bc57f9bdf,1d734b19-bdf8-45b2-93e9-b5321f5c7940,1,1678541669000
153af26e-e4fb-4a57-b804-efbf47d18201,1d734b19-bdf8-45b2-93e9-b5321f5c7940,6,1686657984000
386001b0-bf07-4048-8ae5-0ff7d49f72a2,b6273b76-69c8-4f1f-bdbe-82de27008cb3,6,1676790133000
f75f12ed-de89-4a71-85f3-32ec8a9b21b2,1d734b19-bdf8-45b2-93e9-b5321f5c7940,3,1675292321000
e18779ef-ef8f-4a77-8043-d3f3ec20adfb,1d734b19-bdf8-45b2-93e9-b5321f5c7940,3,1680866463000
4de43166-95cd-4a1d-9a68-5ee44c14f2ed,3e1ee272-3228-4cf0-9d74-663527cef0ac,4,1675855547000
861abca3-df86-4cc0-bca9-d62e326d5b4d,b6273b76-69c8-4f1f-bdbe-82de27008cb3,2,1673570767000
823e52b5-5d6d-443b-b6b0-73f6a9116e6c,b6273b76-69c8-4f1f-bdbe-82de27008cb3,2,1683841103000
2fef4027-8f01-473b-a82b-a9050f421e7d,3e1ee272-3228-4cf0-9d74-663527cef0ac,1,1681629010000
ab3497af-371a-4fe5-855d-51fded70b295,3e1ee272-3228-4cf0-9d74-663527cef0ac,1,1672780652000
bbc198d4-5fd4-4257-9e50-967ebebb1ca8,3e1ee272-3228-4cf0-9d74-663527cef0ac,1,1677526080000
422d6fc8-508f-4603-b296-4f3256e98315,b6273b76-69c8-4f1f-bdbe-82de27008cb3,3,1675545743000
aeeeb356-fd07-4a20-8761-d7346dcd69bc,1d734b19-bdf8-45b2-93e9-b5321f5c7940,1,1674960464000
8a585a53-224f-4966-a927-2e193559bd8c,b6273b76-69c8-4f1f-bdbe-82de27008cb3,4,1673131079000
4aa9d68b-a4f0-40aa-a3f2-63f703ca4e20,b6273b76-69c8-4f1f-bdbe-82de27008cb3,5,1686262764000
d18dcbe9-7c7b-43dd-8e91-48336a44b51c,1d734b19-bdf8-45b2-93e9-b5321f5c7940,1,1673353293000
a2aa5eaf-7b7c-4505-afe9-6ec9acb47e74,b6273b76-69c8-4f1f-bdbe-82de27008cb3,5,1674683212000
80d95f6f-7d56-4396-8d14-7ae11ef9280c,3e1ee272-3228-4cf0-9d74-663527cef0ac,3,1682253318000
9ddbc6a6-96bf-4aeb-8794-be0f043ee71a,1d734b19-bdf8-45b2-93e9-b5321f5c7940,3,1684386660000
767e8ed3-33aa-4031-9822-87179ae93a5a,1d734b19-bdf8-45b2-93e9-b5321f5c7940,3,1678412017000
68e4ac76-e67e-42e0-bb9b-d9b65c319cc9,1d734b19-bdf8-45b2-93e9-b5321f5c7940,6,1678453154000
6335fc0c-9e65-49d7-b316-4e44b4765b18,3e1ee272-3228-4cf0-9d74-663527cef0ac,2,1686631222000
25c165be-6510-4feb-aef9-543b85e81981,3e1ee272-3228-4cf0-9d74-663527cef0ac,4,1686316024000
eafe6659-9dc7-4899-87d3-56d144df9a72,b6273b76-69c8-4f1f-bdbe-82de27008cb3,5,1677953887000
8d5fa2a8-f158-49e3-ac7b-adb672fbb825,1d734b19-bdf8-45b2-93e9-b5321f5c7940,6,1676666374000
cf9daeef-b22d-40b7-9bd2-06ef1c1a6ef5,3e1ee272-3228-4cf0-9d74-663527cef0ac,6,1676229227000
f5556d3e-3fcb-4c1e-8cf0-9a2e8f334cdb,b6273b76-69c8-4f1f-bdbe-82de27008cb3,6,1683535647000
9dc41a45-3c14-4989-aa46-955d765b8780,1d734b19-bdf8-45b2-93e9-b5321f5c7940,2,1686614970000
cf35bfca-c69b-4ce4-a011-7cd5da1210e0,1d734b19-bdf8-45b2-93e9-b5321f5c7940,5,1678139783000
24e4ca3a-3563-47c2-b482-176e89c6da6e,b6273b76-69c8-4f1f-bdbe-82de27008cb3,6,1673640631000
625c3925-557d-4434-9262-495659ce6825,b6273b76-69c8-4f1f-bdbe-82de27008cb3,3,1678891352000
c5857bee-1208-4100-935f-c169c43119bd,b6273b76-69c8-4f1f-bdbe-82de27008cb3,2,1685375669000
52548a4e-2725-49ab-8e78-32354516a0a6,b6273b76-69c8-4f1f-bdbe-82de27008cb3,2,1678009119000
7e2fd6b7-4537-4996-bca5-d24085fc3186,1d734b19-bdf8-45b2-93e9-b5321f5c7940,1,1684017433000
c68f3a5c-03e7-484b-a93a-2a1f68fe9949,b6273b76-69c8-4f1f-bdbe-82de27008cb3,6,1673188477000
9c977190-0528-4ad2-b5fc-ae6b21564cfa,3e1ee272-3228-4cf0-9d74-663527cef0ac,2,1679043911000
c8f55f9c-f0b9-45f5-a17b-cfa27c3a090f,3e1ee272-3228-4cf0-9d74-663527cef0ac,1,1679546537000
3acb8f30-f6a9-4b21-923e-b9470230d327,3e1ee272-3228-4cf0-9d74-663527cef0ac,4,1681627372000
722646e5-a49b-43ba-866c-9fe1e1725991,3e1ee272-3228-4cf0-9d74-663527cef0ac,2,1685679897000
e32ed1cd-42e7-4f56-906e-354533ad832d,1d734b19-bdf8-45b2-93e9-b5321f5c7940,3,1672680514000
584af39e-361d-410d-b4f3-6b475b992892,3e1ee272-3228-4cf0-9d74-663527cef0ac,3,1681645780000
b08c08b3-40e4-4d5c-aa53-b62dda77762e,1d734b19-bdf8-45b2-93e9-b5321f5c7940,2,1685225016000
4b5fbc11-2f0f-4cf3-8b19-933bc0c76708,3e1ee272-3228-4cf0-9d74-663527cef0ac,5,1677667721000
bb1947a7-d1ce-4938-95a6-7c6e48ead6c9,b6273b76-69c8-4f1f-bdbe-82de27008cb3,4,1682862890000
0f9509f8-984d-4cab-ba4a-12df49f563f7,3e1ee272-3228-4cf0-9d74-663527cef0ac,2,1682576180000
aeb2e425-ed06-46cb-a225-7f539ca14a1b,1d734b19-bdf8-45b2-93e9-b5321f5c7940,2,1673936571000
acfdc472-432b-4b7b-a9dd-ca3c2c6aa738,b6273b76-69c8-4f1f-bdbe-82de27008cb3,5,1682809394000
731eb4a3-3b89-4da1-baff-82f78836ae38,1d734b19-bdf8-45b2-93e9-b5321f5c7940,5,1676795263000
6912a526-b22a-4371-8bbb-315c88256cf9,1d734b19-bdf8-45b2-93e9-b5321f5c7940,1,1674156462000
ff54f69d-452a-4b89-b706-91fbe67f1808,b6273b76-69c8-4f1f-bdbe-82de27008cb3,4,1673143516000
bc401ade-a32b-4988-89c1-b1daf7cd3dbb,1d734b19-bdf8-45b2-93e9-b5321f5c7940,6,1674602494000
1ef0785d-8de4-4825-bea2-2679403436be,1d734b19-bdf8-45b2-93e9-b5321f5c7940,2,1685069044000
09925343-8e51-4266-9bba-81a4a082294d,b6273b76-69c8-4f1f-bdbe-82de27008cb3,4,1677206601000
f58ba9f4-e7cd-4a13-8c81-ffbadeda5bdb,b6273b76-69c8-4f1f-bdbe-82de27008cb3,3,1681348785000
fe5acb49-14b2-4f3f-acb6-4250039d6251,b6273b76-69c8-4f1f-bdbe-82de27008cb3,2,1681072659000
36a0af10-9e53-4db6-8910-290b6071118c,1d734b19-bdf8-45b2-93e9-b5321f5c7940,1,1675964262000
15b4b27f-b300-40c4-a90b-bb7b85f8777e,1d734b19-bdf8-45b2-93e9-b5321f5c7940,5,1684023269000
935a354e-e16d-43ec-ab0b-ae5781d3e5a7,b6273b76-69c8-4f1f-bdbe-82de27008cb3,3,1682479885000
02c58933-b6ec-421e-a9c2-9c1186f40bed,3e1ee272-3228-4cf0-9d74-663527cef0ac,1,1685511036000
687973a6-0ef9-41ce-aaac-7505d3a7a6a6,b6273b76-69c8-4f1f-bdbe-82de27008cb3,5,1682546810000
c3fa8619-ba27-42a3-bf7c-5ff023f91f86,b6273b76-69c8-4f1f-bdbe-82de27008cb3,1,1675681994000
479d5141-eaff-4234-be43-4a4a3e2d7cc1,1d734b19-bdf8-45b2-93e9-b5321f5c7940,1,1686867340000
c9fbd227-bab3-44e5-839e-711c1514bbbb,b6273b76-69c8-4f1f-bdbe-82de27008cb3,6,1681214746000
584ec555-3958-4d6a-8538-31feff8c4187,b6273b76-69c8-4f1f-bdbe-82de27008cb3,6,1678364771000
e0411acf-4016-4105-99f8-3c022afa4a88,3e1ee272-3228-4cf0-9d74-663527cef0ac,5,1673434244000
65888a4d-d96a-4e7f-b1e9-b2ae383721b8,b6273b76-69c8-4f1f-bdbe-82de27008cb3,6,1683509106000
18ea9836-f96e-4c6e-91f8-fc625d1f0f58,1d734b19-bdf8-45b2-93e9-b5321f5c7940,4,1678568946000
8393d2a3-9c22-46c4-832b-07e04caa0030,b6273b76-69c8-4f1f-bdbe-82de27008cb3,1,1676525359000
29d1ddab-595c-405c-9f74-887ca3448e42,b6273b76-69c8-4f1f-bdbe-82de27008cb3,2,1676813688000
273cbc3c-ac8b-483a-865c-bdb20c7e8df6,3e1ee272-3228-4cf0-9d74-663527cef0ac,3,1674847214000
1c256188-0c7d-451f-830f-fceba39c064e,1d734b19-bdf8-45b2-93e9-b5321f5c7940,6,1677874649000
12f4646a-cf90-456b-ac56-c0f318a5b19b,b6273b76-69c8-4f1f-bdbe-82de27008cb3,2,1676481174000
7a5d21ef-3152-430c-be80-54a0d5c546f1,b6273b76-69c8-4f1f-bdbe-82de27008cb3,1,1680928757000
77f73731-70a8-4231-839e-a046b45d2a22,3e1ee272-3228-4cf0-9d74-663527cef0ac,6,1684117058000
f0f162a9-b7e2-4bbe-9760-bbe796731d2e,3e1ee272-3228-4cf0-9d74-663527cef0ac,1,1684164211000
4bd51b1a-fa90-4d5a-b115-cd5bd93d98d2,1d734b19-bdf8-45b2-93e9-b5321f5c7940,1,1686092889000
89307ff8-54c8-4e5b-80d6-17297da30de6,1d734b19-bdf8-45b2-93e9-b5321f5c7940,5,1676685841000
58c9249d-5f8a-4ee0-b908-ad3bb0b65973,b6273b76-69c8-4f1f-bdbe-82de27008cb3,5,1682402944000
81c0d9ed-20dd-462c-93ff-ac7d4955770d,b6273b76-69c8-4f1f-bdbe-82de27008cb3,5,1674207210000
8bdf750f-8879-4a6e-98e2-3962024b974c,3e1ee272-3228-4cf0-9d74-663527cef0ac,4,1676542652000
2337afb0-70b0-4899-a81c-fe26a94bd3ff,b6273b76-69c8-4f1f-bdbe-82de27008cb3,3,1683939362000
55d4d271-e092-4e5a-947c-bc5c31ece76c,b6273b76-69c8-4f1f-bdbe-82de27008cb3,4,1672929494000
d1724917-0437-4864-ac91-bff977e5a1f1,1d734b19-bdf8-45b2-93e9-b5321f5c7940,6,1681504279000
0a11cf85-f14a-4023-93ee-fc431114731b,b6273b76-69c8-4f1f-bdbe-82de27008cb3,2,1676676190000
b2063940-2149-47a8-afa4-b59ff92929a8,3e1ee272-3228-4cf0-9d74-663527cef0ac,5,1685785603000
53dbd81e-a9ae-4078-9856-7a21281c9d56,3e1ee272-3228-4cf0-9d74-663527cef0ac,5,1674515659000
713b4b60-3c32-492e-8c52-508e95c51b47,b6273b76-69c8-4f1f-bdbe-82de27008cb3,1,1675703157000
74266778-b291-4172-8fd6-6e39e6bc10ad,3e1ee272-3228-4cf0-9d74-663527cef0ac,3,1676618925000
d5a1919e-9ff1-4f90-be8d-b59516ffb6b2,3e1ee272-3228-4cf0-9d74-663527cef0ac,5,1675437812000
9b898a48-4153-4f2e-b3e4-dab16773b3d1,3e1ee272-3228-4cf0-9d74-663527cef0ac,4,1685115277000
f71ac8a2-5150-41d6-a1a4-7e259ec18df5,3e1ee272-3228-4cf0-9d74-663527cef0ac,2,1674418033000
b030ec95-245c-4dbf-9649-41ac68a7f01c,1d734b19-bdf8-45b2-93e9-b5321f5c7940,5,1680705146000
9730f08c-b947-4b02-beca-edd193e8ea0c,1d734b19-bdf8-45b2-93e9-b5321f5c7940,2,1678368275000
8dfcea57-d314-4680-be11-f413074ea98f,b6273b76-69c8-4f1f-bdbe-82de27008cb3,6,1686062224000
92bc48cd-67e9-4a1f-ae8c-6a8224feb928,1d734b19-bdf8-45b2-93e9-b5321f5c7940,5,1676189996000
910dfbaf-054d-41ce-b4cb-60a8a5c67196,1d734b19-bdf8-45b2-93e9-b5321f5c7940,2,1682395337000
0dbfab7f-2d90-4745-a47f-0b6d847b4edd,b6273b76-69c8-4f1f-bdbe-82de27008cb3,3,1675677513000
ce6d5590-0f89-4e97-883b-4e50773e3472,b6273b76-69c8-4f1f-bdbe-82de27008cb3,1,1679251527000
3295e9be-9118-49ac-bcfa-c1921943faaf,b6273b76-69c8-4f1f-bdbe-82de27008cb3,1,1675595415000
86e20ff2-efd7-4974-bea8-9bed5f114454,1d734b19-bdf8-45b2-93e9-b5321f5c7940,6,1681891089000
cbddf142-84ea-4f32-bce2-74dbb0b10805,3e1ee272-3228-4cf0-9d74-663527cef0ac,3,1674251287000
eca47eca-73b0-4c6e-bd65-75db7c9e95ba,3e1ee272-3228-4cf0-9d74-663527cef0ac,2,1684574418000
47bc7c73-1e78-46c0-a661-d04160b2a252,b6273b76-69c8-4f1f-bdbe-82de27008cb3,4,1680682038000
2050ef51-ae18-4eac-ae84-967c652b2133,3e1ee272-3228-4cf0-9d74-663527cef0ac,6,1683248495000
0870d24e-863f-4e67-a08a-534e7ee0fc66,1d734b19-bdf8-45b2-93e9-b5321f5c7940,5,1676348489000
1a78ed06-ba12-4ee0-99c6-bfd21cfa27e8,1d734b19-bdf8-45b2-93e9-b5321f5c7940,2,1678676008000
48eb44f4-e539-457a-8e7e-712fdc2e5225,1d734b19-bdf8-45b2-93e9-b5321f5c7940,2,1673540462000
5a166d81-b9d6-4d8f-9197-60f983ef764e,3e1ee272-3228-4cf0-9d74-663527cef0ac,5,1681838871000
4b5378f8-c3e8-4a29-b424-4037f61d7ea8,1d734b19-bdf8-45b2-93e9-b5321f5c7940,2,1683288641000
e5da9358-3183-4b82-9a2d-c3165a4f5eb1,b6273b76-69c8-4f1f-bdbe-82de27008cb3,4,1675850658000
2deeffe4-969a-4fc4-9c49-f29e9b4b877e,1d734b19-bdf8-45b2-93e9-b5321f5c7940,4,1672814766000
bc420548-e471-4e57-a08c-591e46ad2616,1d734b19-bdf8-45b2-93e9-b5321f5c7940,6,1685415801000
a97051ff-41ca-4845-aa70-82bbd812ef4a,3e1ee272-3228-4cf0-9d74-663527cef0ac,2,1682092069000
88f755e9-286a-49bd-b144-929adb5d3d97,1d734b19-bdf8-45b2-93e9-b5321f5c7940,1,1678110605000
b6804a26-9a77-436e-ab10-4b4dea8d7ff1,3e1ee272-3228-4cf0-9d74-663527cef0ac,6,1675993789000
78d85248-b5ee-4efd-bcac-9182a0817bee,3e1ee272-3228-4cf0-9d74-663527cef0ac,3,1683558555000
4e2a41a7-3415-434f-94ab-e54434b2a5ae,1d734b19-bdf8-45b2-93e9-b5321f5c7940,3,1678666967000
cd2b55a5-cd45-4151-b1f3-c63590784487,3e1ee272-3228-4cf0-9d74-663527cef0ac,6,1684344073000
bc7de6e0-8a53-4d30-85e5-ff291a06cd7a,b6273b76-69c8-4f1f-bdbe-82de27008cb3,4,1675842260000
8a9f58f6-c883-40cf-88d7-ff79f14c1a1d,3e1ee272-3228-4cf0-9d74-663527cef0ac,1,1678630500000
f8f0789c-70bd-4246-8e18-9bcd6433d468,b6273b76-69c8-4f1f-bdbe-82de27008cb3,6,1676695929000
85b53066-6df6-455e-acf3-fdbdd7100bec,1d734b19-bdf8-45b2-93e9-b5321f5c7940,6,1686748682000
9aeecd36-58ea-46d1-b673-d9bf7697054a,3e1ee272-3228-4cf0-9d74-663527cef0ac,3,1683442914000
a8f0f7cb-4eae-407c-82a6-7c8e42ade261,3e1ee272-3228-4cf0-9d74-663527cef0ac,3,1677641480000
0d60cdfd-1c71-4089-9ed5-f3de7857de39,1d734b19-bdf8-45b2-93e9-b5321f5c7940,4,1681128980000
4276df7b-360f-4699-b538-82be889504ea,1d734b19-bdf8-45b2-93e9-b5321f5c7940,5,1680963985000
7789bfde-e03c-442b-9a5b-d6f1abec3bed,1d734b19-bdf8-45b2-93e9-b5321f5c7940,3,1675318398000
581e090a-f79b-4420-8726-114cb683d746,1d734b19-bdf8-45b2-93e9-b5321f5c7940,4,1672639499000
0cdf72b4-52e0-44cd-b512-37d36d864bca,b6273b76-69c8-4f1f-bdbe-82de27008cb3,6,1679062928000
d071eb92-195e-4275-bec4-252df8c48e3f,b6273b76-69c8-4f1f-bdbe-82de27008cb3,2,1686040677000
f00ff037-c88c-4c22-b70b-a1db454654a3,b6273b76-69c8-4f1f-bdbe-82de27008cb3,1,1681936960000
fab29915-296a-45f2-94a9-255116108d1b,3e1ee272-3228-4cf0-9d74-663527cef0ac,4,1686120983000
c98e92cd-fb1f-47f5-affd-c9ce31f07dd5,1d734b19-bdf8-45b2-93e9-b5321f5c7940,4,1679687957000
c652af54-c2cd-496c-9da3-40907a033ef9,3e1ee272-3228-4cf0-9d74-663527cef0ac,3,1684700444000
8b13e464-7806-46d6-9c1d-48df4f024d91,3e1ee272-3228-4cf0-9d74-663527cef0ac,4,1686851040000
66c6db87-bf1f-4af7-bf91-5361607ddbed,1d734b19-bdf8-45b2-93e9-b5321f5c7940,4,1680633793000
67c35eb5-7695-4efe-b83d-be62e8477b3d,3e1ee272-3228-4cf0-9d74-663527cef0ac,2,1686150588000
8b6c0428-476b-44cf-abf8-6c935aadb849,1d734b19-bdf8-45b2-93e9-b5321f5c7940,4,1676280176000
7e84bdab-52c9-4516-ab2a-415253991c94,b6273b76-69c8-4f1f-bdbe-82de27008cb3,5,1683706517000
f5a65f27-16e9-4c5e-a1e4-c52653d2fb10,b6273b76-69c8-4f1f-bdbe-82de27008cb3,3,1686030741000
53c5510c-009f-4669-81e3-e0a7344bbd76,b6273b76-69c8-4f1f-bdbe-82de27008cb3,6,1686446785000
d5334e1f-c42b-4e6f-ae89-83b491cee440,b6273b76-69c8-4f1f-bdbe-82de27008cb3,4,1677379074000
c0f7ad59-42a7-4e1a-8f52-d8c5fdbf0aa7,b6273b76-69c8-4f1f-bdbe-82de27008cb3,4,1678805468000
2b0d5663-de6d-4b5c-bb7c-f1b10ed44496,3e1ee272-3228-4cf0-9d74-663527cef0ac,6,1682212574000
a5ef3538-d310-483f-90b0-565c5c056d97,1d734b19-bdf8-45b2-93e9-b5321f5c7940,5,1682170657000
5c4d0243-5dbc-4bf6-b8ec-943299f7a732,1d734b19-bdf8-45b2-93e9-b5321f5c7940,4,1680214158000
2e7c4581-cf62-46d8-8b61-c83ca3ab402f,1d734b19-bdf8-45b2-93e9-b5321f5c7940,3,1681011146000
1a035b30-dadc-4170-ad8c-e896567dc98e,b6273b76-69c8-4f1f-bdbe-82de27008cb3,5,1673238837000
21af1288-be78-4caf-b0a6-c58688cf314a,3e1ee272-3228-4cf0-9d74-663527cef0ac,2,1673155515000
187055f2-be75-43cd-b33c-15926ae4f64d,3e1ee272-3228-4cf0-9d74-663527cef0ac,2,1677463607000
ec382da9-7305-4e32-a5d2-ebcbd36955d9,3e1ee272-3228-4cf0-9d74-663527cef0ac,4,1674571918000
5c76247c-3cfa-460a-8ce2-695bcce26048,3e1ee272-3228-4cf0-9d74-663527cef0ac,4,1673376021000
aa0f8417-3617-47a5-9d0c-fdaa69c5c7a9,3e1ee272-3228-4cf0-9d74-663527cef0ac,1,1683324476000
800cfbf5-bca6-4191-8321-e8dde6ca7a2c,1d734b19-bdf8-45b2-93e9-b5321f5c7940,3,1679798628000
bbfca964-d198-4f0b-8415-9d4e2baeb209,b6273b76-69c8-4f1f-bdbe-82de27008cb3,2,1674620125000
4e51a1f4-6e76-49e8-81ad-72aeb9c8b163,b6273b76-69c8-4f1f-bdbe-82de27008cb3,2,1686542220000
cb974e70-a665-4434-baac-354c3e451ae8,3e1ee272-3228-4cf0-9d74-663527cef0ac,1,1684487217000
25ad1c69-fd72-4986-a6af-c554b01d1a30,b6273b76-69c8-4f1f-bdbe-82de27008cb3,3,1678430971000
fa0a7430-89e0-496a-b905-b75dfa273e70,b6273b76-69c8-4f1f-bdbe-82de27008cb3,3,1674865266000
a619f698-c13e-47af-b25f-8e70735d15f4,1d734b19-bdf8-45b2-93e9-b5321f5c7940,2,1674468715000
3ee09709-d4bb-4970-bda5-caf424b928c8,3e1ee272-3228-4cf0-9d74-663527cef0ac,5,1672816002000
8831e8c2-7c16-4067-a751-eafab59d9664,3e1ee272-3228-4cf0-9d74-663527cef0ac,6,1684041411000
